source1_entity_id	candidate_entity_ids
S1-104226194	S2-109325381,S2-115698842,S2-170729594,S2-180758715,S2-180999100,S2-191866478,S2-200881523,S2-216236637,S2-248314531,S2-281967867,S2-284234883,S2-326490661,S2-343318003,S2-401262433,S2-421933863,S2-439486038,S2-458053941,S2-487764735,S2-505437566,S2-530364673,S2-531458823,S2-532020500,S2-56949476,S2-577024442,S2-583375171,S2-587483203,S2-610531467,S2-644540083,S2-655106152,S2-684635925,S2-698772845,S2-710093360,S2-719166778,S2-739949685,S2-751864723,S2-772679465,S2-779076884,S2-781962381,S2-78721559,S2-789468897,S2-794412447,S2-807204278,S2-834393524,S2-850846611,S2-867358397,S2-87394281,S2-876148854,S2-878088606,S2-929954428,S2-930060775,S2-976907900,S2-982583721,S2-993696236,S3-109022385,S3-126421320,S3-137354887,S3-142144880,S3-149929526,S3-166654622,S3-176661804,S3-183027444,S3-184626057,S3-19833156,S3-228630385,S3-230129402,S3-236267922,S3-285391350,S3-290348380,S3-310188919,S3-313561260,S3-354267029,S3-359792628,S3-385271843,S3-404670106,S3-409490103,S3-447448464,S3-534666911,S3-545214696,S3-569473763,S3-580566844,S3-617083897,S3-626031387,S3-630609559,S3-652562670,S3-67467882,S3-687581647,S3-689577086,S3-730813330,S3-759174955,S3-759462555,S3-783112894,S3-788342165,S3-797830010,S3-82392530,S3-86467247,S3-926120047,S3-938246843,S3-950356726,S3-955100619,S3-997547866
S1-104955523	S2-252220586,S2-311762453,S2-335529804,S2-356207350,S2-367392617,S2-377309216,S2-404027257,S2-426754123,S2-43059714,S2-432715099,S2-455209026,S2-531135326,S2-563049977,S2-662169517,S2-68186250,S2-690666650,S2-74778032,S2-765106214,S2-773760816,S2-775274731,S2-831625227,S2-936557811,S2-963826280,S2-970217516,S2-999759387,S3-11209252,S3-159133208,S3-167308037,S3-217363410,S3-257247298,S3-281022043,S3-301500976,S3-302901311,S3-44302622,S3-573372073,S3-641435457,S3-650244808,S3-663188394,S3-67912149,S3-679462319,S3-681646861,S3-735658070,S3-739921520,S3-804973018,S3-830999183,S3-859137239,S3-87949566,S3-882605073,S3-994251535
S1-108314429	S2-112702161,S2-159289810,S2-168696402,S2-173342241,S2-19632414,S2-203594124,S2-263225599,S2-26875061,S2-344085581,S2-393808325,S2-402637820,S2-4144611,S2-444794612,S2-457918727,S2-458931738,S2-483055121,S2-508663035,S2-540844985,S2-54240060,S2-546637260,S2-577725298,S2-587009456,S2-596131490,S2-679190243,S2-695674205,S2-700416422,S2-722239453,S2-727654457,S2-728422222,S2-737441748,S2-738229447,S2-740739672,S2-768494295,S2-819337128,S2-820645328,S2-888124266,S2-888911540,S2-927569271,S2-934798050,S2-938820431,S2-950698767,S2-974852348,S2-976390618,S2-98077886,S2-985441801,S3-119398022,S3-119411156,S3-134567258,S3-155349025,S3-16154425,S3-173449142,S3-184626057,S3-187059206,S3-190955691,S3-191185516,S3-212813105,S3-24160002,S3-264895079,S3-278426099,S3-283811286,S3-315993616,S3-338036421,S3-358313364,S3-37459538,S3-406500986,S3-40766644,S3-413297469,S3-416477058,S3-432441682,S3-445045809,S3-449264431,S3-457150821,S3-465175532,S3-506726696,S3-513238875,S3-514455100,S3-514916011,S3-555672885,S3-560301253,S3-566148831,S3-578139007,S3-63144932,S3-642920117,S3-67695249,S3-683215378,S3-701121566,S3-710516125,S3-749728892,S3-750540252,S3-754019877,S3-766405539,S3-799131747,S3-813632089,S3-888667287,S3-897457543,S3-904776573,S3-909228297,S3-920810636,S3-928353169,S3-96623138
S1-112860356	S2-119599096,S2-143045019,S2-165416638,S2-286891768,S2-287849182,S2-290606494,S2-300329052,S2-316590073,S2-318025254,S2-318760119,S2-319744931,S2-326368586,S2-340713624,S2-378024681,S2-396009333,S2-399052000,S2-424500950,S2-456948396,S2-473358008,S2-505412477,S2-538976068,S2-544639758,S2-561420173,S2-57019358,S2-5728899,S2-580967499,S2-594381269,S2-598068208,S2-620110385,S2-628121208,S2-639682101,S2-65623277,S2-67456737,S2-6762534,S2-682538932,S2-708159493,S2-708727646,S2-710539502,S2-715905554,S2-742233323,S2-744018700,S2-759421858,S2-766311908,S2-794778590,S2-806902783,S2-808715434,S2-814657101,S2-831449937,S2-833227760,S2-834955077,S2-845463620,S2-845573432,S2-867362469,S2-879254732,S2-896696403,S2-901974545,S2-913976206,S2-924136235,S2-937720083,S2-946158355,S2-971383975,S2-974796269,S2-983756344,S2-984241859,S2-990277306,S2-993696236,S2-994558157,S3-111773423,S3-112136802,S3-14149832,S3-154798586,S3-15546111,S3-207469565,S3-241531576,S3-255846010,S3-27435119,S3-287631803,S3-336501543,S3-354566450,S3-398983868,S3-413623444,S3-416414284,S3-42755606,S3-435959093,S3-451526773,S3-471474165,S3-48837493,S3-494523969,S3-517968732,S3-528538239,S3-635876806,S3-671431144,S3-695060764,S3-776291612,S3-778496967,S3-790711541,S3-846429374,S3-864976357,S3-870804447,S3-945135312
S1-114380129	S2-124617507,S2-137628965,S2-160402201,S2-161781122,S2-179461226,S2-199326751,S2-229367535,S2-26081285,S2-294835210,S2-31784017,S2-319487236,S2-321540574,S2-322836083,S2-347549160,S2-356636725,S2-398070661,S2-400521955,S2-438486989,S2-440765604,S2-448658668,S2-458247556,S2-473533690,S2-492015688,S2-498279964,S2-498390029,S2-517314935,S2-597069180,S2-646080124,S2-646867412,S2-669332876,S2-677418969,S2-722559992,S2-747466359,S2-762033913,S2-776979128,S2-777625208,S2-780103150,S2-780354672,S2-787499273,S2-78769581,S2-800677162,S2-824359905,S2-849565658,S2-853595597,S2-884135049,S2-887037968,S2-902205396,S2-908249006,S2-9116710,S2-919947855,S2-94895211,S2-97306857,S2-986716530,S2-987231071,S2-993880915,S3-103911278,S3-110583986,S3-1169489,S3-124694155,S3-157388392,S3-170435799,S3-184587904,S3-197424002,S3-225866213,S3-256995092,S3-258903524,S3-26551225,S3-288442666,S3-32363117,S3-329481615,S3-331103166,S3-342175660,S3-414922290,S3-420788477,S3-423255944,S3-445353252,S3-459298427,S3-459474099,S3-468575966,S3-492946014,S3-504675118,S3-529012041,S3-539716111,S3-576383180,S3-671891516,S3-676883344,S3-681591864,S3-706003667,S3-710694466,S3-771807288,S3-789556244,S3-794305521,S3-804166196,S3-866244616,S3-891569942,S3-896931877,S3-906411275,S3-915146399,S3-952544550,S3-97462702
S1-116081375	S2-110054108,S2-139236703,S2-185606993,S2-245136342,S2-272918438,S2-283797923,S2-292254573,S2-294788791,S2-360633734,S2-386433432,S2-478339042,S2-480507234,S2-512794934,S2-524239566,S2-597606217,S2-635803796,S2-640028367,S2-659189614,S2-689989978,S2-702914885,S2-707039857,S2-718533662,S2-72311199,S2-761972097,S2-86805076,S2-872690777,S2-884007692,S2-942413491,S2-948927387,S2-952725337,S2-988362074,S3-120768733,S3-151695228,S3-164988651,S3-183029328,S3-192584799,S3-222907371,S3-224074536,S3-243311084,S3-310645758,S3-314367132,S3-348050503,S3-355795260,S3-382834214,S3-388933339,S3-417581085,S3-419708185,S3-495661873,S3-530107911,S3-531535716,S3-699519525,S3-715255349,S3-768860411,S3-799301227,S3-813001767,S3-822125683,S3-825202786,S3-876276029,S3-878319580,S3-946815458
S1-124208550	S2-113479754,S2-185654339,S2-260783262,S2-263112597,S2-281404371,S2-373469672,S2-40574852,S2-42434437,S2-613017868,S2-618042532,S3-110938407,S3-134557496,S3-180847428,S3-224895103,S3-317766815,S3-335782341,S3-342228539,S3-380501819,S3-398025352,S3-510778048,S3-527601893,S3-924753717
S1-125472274	S2-100935559,S2-114171211,S2-139852797,S2-145507253,S2-149053652,S2-156690878,S2-157551976,S2-169467607,S2-17518111,S2-18646578,S2-219736692,S2-250366198,S2-256518183,S2-32370799,S2-33105288,S2-348005509,S2-351107485,S2-372542500,S2-3914789,S2-397718123,S2-425455437,S2-428861032,S2-444317957,S2-444745943,S2-460222305,S2-491000493,S2-509304091,S2-513836299,S2-533989475,S2-541414076,S2-624402487,S2-661914759,S2-662673311,S2-662770103,S2-671283387,S2-681568197,S2-707981754,S2-725969272,S2-792859805,S2-796310966,S2-807204278,S2-839495817,S2-853402300,S2-857044147,S2-862895263,S2-870280188,S2-872966114,S2-888362861,S2-898211285,S2-904009571,S2-913006655,S2-953037948,S2-980846147,S2-983747005,S3-125166682,S3-199724223,S3-210565598,S3-218393151,S3-228327477,S3-29270703,S3-301719470,S3-36630038,S3-385665030,S3-386654363,S3-387069758,S3-474782819,S3-483519263,S3-503203462,S3-516128204,S3-524217047,S3-566328140,S3-567464136,S3-579264271,S3-634808128,S3-647554132,S3-65143744,S3-697698439,S3-702501606,S3-7027282,S3-709470866,S3-713648990,S3-716416545,S3-744877570,S3-78521456,S3-799131747,S3-825263544,S3-839189434,S3-847790890,S3-848194042,S3-85066318,S3-851667676,S3-903584153,S3-919875068,S3-934998088,S3-949824629,S3-961089893,S3-963404620,S3-977581867,S3-979326755,S3-991222395
S1-13859063	S2-33386440,S2-424313130,S2-523744904,S2-763018444,S2-814233140,S2-949098729,S2-997942681,S3-16622171,S3-208092736,S3-295324850,S3-301710722,S3-552349188,S3-55424384,S3-609365114,S3-711600788,S3-922300461
S1-151608539	S2-12995450,S2-144853794,S2-148904671,S2-151239135,S2-181178537,S2-196924112,S2-209969212,S2-214717915,S2-218675931,S2-237724812,S2-243627614,S2-255193301,S2-258069548,S2-272641930,S2-282325615,S2-308126862,S2-428137004,S2-446101705,S2-49714460,S2-503829652,S2-524167441,S2-525671462,S2-547097573,S2-564551253,S2-57490681,S2-601475290,S2-623614781,S2-62535217,S2-629013822,S2-639231137,S2-671503315,S2-706697276,S2-712770315,S2-714976498,S2-780775619,S2-786578220,S2-788637934,S2-802837546,S2-804432844,S2-81124098,S2-844767517,S2-853305894,S2-853399841,S2-911263572,S2-941803016,S2-943955488,S2-954205559,S2-970843942,S3-104268346,S3-116889975,S3-128013423,S3-136087751,S3-157229605,S3-163249756,S3-261039922,S3-262836757,S3-266076797,S3-281767937,S3-288821874,S3-289687724,S3-308621983,S3-31440757,S3-339734079,S3-362072531,S3-394703938,S3-419297815,S3-451271292,S3-461941937,S3-468955020,S3-474734451,S3-49624903,S3-517968732,S3-53381367,S3-541688875,S3-548256124,S3-556242957,S3-591562140,S3-601521057,S3-627619807,S3-630609559,S3-631878332,S3-639295599,S3-660905300,S3-664253519,S3-677469750,S3-694397589,S3-710770039,S3-712101613,S3-745660870,S3-754801590,S3-759146665,S3-788109373,S3-826826301,S3-850384342,S3-853989491,S3-863539653,S3-905649783,S3-921657242,S3-937514490,S3-973786081
S1-154180077	S2-106188251,S2-115168808,S2-175153925,S2-203158054,S2-212275344,S2-220286148,S2-222848106,S2-234589431,S2-250788994,S2-265476718,S2-275274983,S2-284104627,S2-337664587,S2-384556840,S2-413751969,S2-4479411,S2-455013755,S2-471517558,S2-507892486,S2-53665849,S2-555340827,S2-580220120,S2-594193732,S2-617274078,S2-619589437,S2-646848910,S2-662955006,S2-665496719,S2-674913444,S2-677854926,S2-686212998,S2-709426534,S2-716241994,S2-729358922,S2-739208908,S2-751383916,S2-778677603,S2-788375901,S2-799199580,S2-819620168,S2-846938440,S2-897389883,S2-944858071,S2-957766421,S2-993197951,S2-996065145,S3-105907259,S3-124784374,S3-171041392,S3-172346398,S3-17542181,S3-252105884,S3-302563758,S3-310406350,S3-316302368,S3-322576637,S3-323870513,S3-38603666,S3-391917302,S3-396256962,S3-398916820,S3-407154772,S3-534557996,S3-545977295,S3-560065857,S3-568172596,S3-623900195,S3-680484046,S3-719141461,S3-719874902,S3-72783716,S3-764565144,S3-827172749,S3-870307491,S3-888456962,S3-90124333,S3-908532298,S3-952792732,S3-974247300,S3-979018087,S3-997847073
S1-164017572	S2-119843211,S2-168059823,S2-170947040,S2-187340131,S2-215101171,S2-217550274,S2-412652966,S2-421049739,S2-432301242,S2-442726484,S2-512143416,S2-551174478,S2-585106009,S2-608083959,S2-615202978,S2-656595799,S2-684000695,S2-702390529,S2-776409894,S2-814876053,S2-831064278,S2-872738270,S2-901540309,S2-982003904,S3-103439712,S3-14314164,S3-159732193,S3-211517464,S3-280521257,S3-306908122,S3-356790383,S3-427186049,S3-644552481,S3-656847536,S3-66611286,S3-689389542,S3-715003272,S3-72313473,S3-736984677,S3-807666525,S3-867082666,S3-867419758,S3-924135878,S3-9765715
S1-167577766	S2-120771780,S2-190825164,S2-261633301,S2-300929164,S2-30720967,S2-311499193,S2-317848192,S2-318532387,S2-320950403,S2-334286361,S2-409737188,S2-411991773,S2-421560039,S2-534682798,S2-650376618,S2-68812643,S2-789154183,S2-817935651,S2-866917864,S2-973724667,S2-990598893,S3-162997581,S3-184503228,S3-248738800,S3-266446461,S3-283011224,S3-320929683,S3-347799178,S3-384725073,S3-414922290,S3-449371961,S3-500236934,S3-520303683,S3-541227706,S3-561673416,S3-569338351,S3-600027350,S3-624733776,S3-634035761,S3-642786048,S3-688129072,S3-728281172,S3-894367474,S3-899583090,S3-935511786,S3-941024747,S3-948007609,S3-995273501
S1-169036830	S2-134925348,S2-259641402,S2-319464336,S2-341502969,S2-524230824,S2-695091484,S2-820687768,S2-890463640,S2-998309675,S3-197738083,S3-277439066,S3-493888777,S3-564535893,S3-595344158,S3-626166797,S3-674408332,S3-713456368,S3-714580977,S3-778070560,S3-799171221,S3-954979111,S3-967216791
S1-170295653	S2-156964241,S2-172980805,S2-216540018,S2-237407472,S2-269978206,S2-274640549,S2-294788791,S2-323868269,S2-338944114,S2-383727140,S2-395883656,S2-397065527,S2-474346550,S2-525862775,S2-526927807,S2-5811047,S2-581318712,S2-598476409,S2-617973037,S2-642060409,S2-678650838,S2-70991129,S2-737376668,S2-771902332,S2-772269040,S2-779072102,S2-791305826,S2-870694144,S2-879384287,S2-905760230,S2-911490771,S2-928761311,S2-933085923,S2-991092457,S3-111132981,S3-112320676,S3-116800589,S3-128470458,S3-183637697,S3-208163915,S3-220054844,S3-253718798,S3-317130896,S3-378621439,S3-445965583,S3-474242837,S3-481339929,S3-52226399,S3-54732281,S3-553555462,S3-619435286,S3-645951780,S3-656527882,S3-711955541,S3-751294591,S3-751833515,S3-75715441,S3-77401880,S3-825675289,S3-847369569,S3-854440725,S3-876069334,S3-8865181,S3-926211300,S3-958622681,S3-960205913
S1-17225841	S2-13056162,S2-14614633,S2-152479017,S2-179875043,S2-188229710,S2-193184988,S2-1958081,S2-236012541,S2-289405713,S2-360831214,S2-379349723,S2-383148775,S2-384350223,S2-399073862,S2-404259958,S2-419492386,S2-436120738,S2-444238695,S2-453763837,S2-455830760,S2-460277116,S2-477993186,S2-483055121,S2-494755154,S2-511989847,S2-530330935,S2-537495258,S2-541190279,S2-554314129,S2-566688803,S2-570217363,S2-580390359,S2-583740314,S2-599774274,S2-619277617,S2-623992763,S2-631864434,S2-663301829,S2-670055800,S2-67201778,S2-702084214,S2-746133628,S2-763175784,S2-785039800,S2-790527036,S2-797821871,S2-812711831,S2-818687100,S2-820530357,S2-827740014,S2-838242461,S2-865745597,S2-870904723,S2-883995183,S2-888911540,S2-903223182,S2-937072190,S2-957877419,S2-986189127,S3-113835200,S3-117459680,S3-159853730,S3-164166409,S3-174870362,S3-194312432,S3-217363410,S3-261039922,S3-261131864,S3-301807426,S3-324639997,S3-372895519,S3-37435252,S3-38290198,S3-389465162,S3-428603478,S3-445568002,S3-461943482,S3-46521243,S3-475718607,S3-480380320,S3-480630817,S3-487917820,S3-494523969,S3-49624903,S3-505686070,S3-537701936,S3-682003925,S3-694591934,S3-704488374,S3-781292648,S3-782147692,S3-788583320,S3-789271731,S3-831517986,S3-842131954,S3-855136806,S3-916244369,S3-933038091,S3-958176965,S3-983320904
S1-175633133	S2-106295375,S2-108945591,S2-1107791,S2-111528223,S2-115895061,S2-120461372,S2-125448620,S2-160811222,S2-180428829,S2-191713797,S2-226030742,S2-235336556,S2-237249617,S2-291868119,S2-292719735,S2-318587615,S2-345172295,S2-345863671,S2-39483062,S2-404792945,S2-429078889,S2-436674525,S2-44100844,S2-446759769,S2-482785891,S2-488548827,S2-495565633,S2-49714549,S2-498337911,S2-503790841,S2-507728302,S2-510886905,S2-531346412,S2-537464810,S2-541928020,S2-547199669,S2-556021627,S2-583040047,S2-588551697,S2-643744129,S2-662763532,S2-6675433,S2-67201778,S2-680235144,S2-69814176,S2-733608770,S2-801515500,S2-803300183,S2-804627671,S2-805966180,S2-82078690,S2-937720083,S2-953037948,S2-953588261,S2-968356826,S2-968910500,S2-995109858,S3-106298415,S3-115136738,S3-124389482,S3-127038053,S3-130528087,S3-149216607,S3-201773035,S3-203405250,S3-238195891,S3-247396825,S3-276709595,S3-278778310,S3-297021935,S3-321928988,S3-367456320,S3-373339232,S3-39370378,S3-427804511,S3-452725942,S3-45381915,S3-473821372,S3-476407690,S3-477847882,S3-50559062,S3-540996458,S3-545470703,S3-553336860,S3-599175890,S3-6024113,S3-60355966,S3-727073823,S3-750038513,S3-776680917,S3-786746062,S3-799388177,S3-810978593,S3-818730870,S3-829458146,S3-853617876,S3-91018323,S3-916007855,S3-940041505,S3-962335924
S1-181306265	S2-103402904,S2-108860725,S2-111605698,S2-118393214,S2-121707562,S2-137787594,S2-143181162,S2-174240991,S2-175623332,S2-183967309,S2-201376864,S2-202157631,S2-203705380,S2-222899205,S2-254459731,S2-254668576,S2-270518407,S2-276266669,S2-286837475,S2-311198605,S2-324888289,S2-349365849,S2-374604331,S2-381608220,S2-413024226,S2-48423978,S2-533197229,S2-53403506,S2-538521710,S2-544764777,S2-591277113,S2-596848664,S2-611769551,S2-644176941,S2-644844275,S2-65897181,S2-697687581,S2-700717757,S2-728705887,S2-732829021,S2-745445816,S2-804145580,S2-82392642,S2-830550480,S2-831707743,S2-894413559,S2-911500119,S2-937461012,S2-965085514,S2-972563811,S2-973978023,S2-981022954,S3-101994016,S3-115013813,S3-128260107,S3-137228264,S3-140325394,S3-149258679,S3-18155692,S3-215965899,S3-296329804,S3-297700556,S3-30337956,S3-312812006,S3-321023273,S3-325026002,S3-343101544,S3-350780061,S3-368934261,S3-406839754,S3-413822412,S3-464037110,S3-474023151,S3-481062600,S3-556928969,S3-597956126,S3-67559056,S3-680631257,S3-685913740,S3-719847578,S3-741974168,S3-743575962,S3-75093689,S3-753489692,S3-777003283,S3-785038044,S3-792608602,S3-805167640,S3-806725202,S3-854342623,S3-859255836,S3-862445724,S3-891691813,S3-927297155,S3-950425401,S3-955711047,S3-965068145,S3-968847114
S1-184229550	S2-116748146,S2-133059574,S2-160530551,S2-16260387,S2-163839305,S2-17518111,S2-191866478,S2-192390398,S2-202403495,S2-213874601,S2-274905162,S2-285031669,S2-296869138,S2-3037366,S2-306151879,S2-309425451,S2-313048014,S2-322831392,S2-332376933,S2-346341564,S2-356986111,S2-363613489,S2-363779880,S2-365420521,S2-369458829,S2-392377844,S2-408594604,S2-440751152,S2-44619650,S2-450859061,S2-453507226,S2-455122177,S2-470497584,S2-471713609,S2-472818132,S2-487988118,S2-489601345,S2-493952708,S2-505615047,S2-507724194,S2-512030745,S2-515649417,S2-522844813,S2-541449340,S2-551029733,S2-57303947,S2-580324551,S2-586734904,S2-614282312,S2-61626902,S2-629880378,S2-638803013,S2-647596046,S2-65400955,S2-663227434,S2-671629895,S2-683131470,S2-692301447,S2-694009134,S2-698953472,S2-70692312,S2-715230614,S2-715571290,S2-73352295,S2-752646697,S2-765841647,S2-769950730,S2-778585048,S2-789450335,S2-797380328,S2-814881099,S2-825131753,S2-841957465,S2-844790251,S2-85752104,S2-87037101,S2-877823257,S2-885959842,S2-903223182,S2-906620714,S2-936867164,S2-946825174,S2-947498857,S2-956536970,S2-964581929,S2-97167161,S2-991589426,S2-998640273,S3-176880631,S3-304824402,S3-328952319,S3-343893942,S3-381393279,S3-524969528,S3-576297328,S3-64570845,S3-649933182,S3-686262951,S3-846141743,S3-875886981
S1-189218186	S2-104475439,S2-106120366,S2-108313987,S2-108945591,S2-110565207,S2-120369605,S2-124114364,S2-133044236,S2-133308166,S2-16260387,S2-167245478,S2-170729594,S2-182921717,S2-189066909,S2-200626985,S2-216470228,S2-219133326,S2-224032436,S2-238957038,S2-26760280,S2-271901025,S2-306238454,S2-30830908,S2-314163636,S2-314165942,S2-340284927,S2-340663944,S2-353638829,S2-360326943,S2-36165230,S2-363779880,S2-371437571,S2-379118065,S2-383575628,S2-396009333,S2-397718123,S2-422823833,S2-428097788,S2-436225620,S2-43862945,S2-449997657,S2-466142484,S2-475326292,S2-481816831,S2-494430593,S2-496438430,S2-502406312,S2-510251746,S2-512133127,S2-520769631,S2-521665381,S2-536231721,S2-539066227,S2-551029733,S2-559827120,S2-560263186,S2-574487035,S2-57473027,S2-581314634,S2-584202014,S2-609895919,S2-624218277,S2-640571137,S2-659006722,S2-660319857,S2-675076934,S2-687617807,S2-70189931,S2-70236447,S2-725878569,S2-731682240,S2-732707735,S2-735492863,S2-746168718,S2-751140686,S2-762806109,S2-770435205,S2-772527930,S2-773094602,S2-790231810,S2-792073969,S2-798604219,S2-818687100,S2-820645328,S2-851147060,S2-85163295,S2-853399841,S2-86980319,S2-877479417,S2-907018183,S2-91305348,S2-92393326,S2-941675979,S2-96826049,S2-971339247,S2-971652107,S2-974326661,S2-981307302,S2-988123906,S2-993991209
S1-192345497	S2-112351269,S2-120075345,S2-136309331,S2-139986213,S2-146366237,S2-162194884,S2-175586454,S2-18350746,S2-185249310,S2-193396157,S2-225417787,S2-316952029,S2-352561696,S2-356420499,S2-407929392,S2-411902701,S2-429220238,S2-447430948,S2-449335050,S2-518011514,S2-522933880,S2-526732033,S2-547415476,S2-554374028,S2-558603704,S2-571618880,S2-575479656,S2-582984116,S2-586684751,S2-589760572,S2-619729449,S2-630399387,S2-660519763,S2-68292078,S2-68755534,S2-687568056,S2-722247491,S2-730591902,S2-73262730,S2-741124141,S2-741789915,S2-783379356,S2-793469800,S2-825354133,S2-82760124,S2-84013571,S2-841294591,S2-876951170,S2-877322040,S2-891273316,S2-904702630,S2-934566883,S2-94376815,S2-945448598,S2-986801518,S2-996679134,S3-118652570,S3-128177244,S3-145385848,S3-169807352,S3-202927718,S3-205353312,S3-226932384,S3-268161287,S3-32897060,S3-331758731,S3-372738436,S3-400680910,S3-426372854,S3-429816693,S3-431195246,S3-432164890,S3-449907579,S3-485624030,S3-490050003,S3-561882006,S3-563413751,S3-5725561,S3-587534206,S3-589102184,S3-600536079,S3-606793697,S3-633327211,S3-650392639,S3-657680686,S3-761140564,S3-799084647,S3-803279224,S3-805406752,S3-844016392,S3-849115744,S3-892908848,S3-899688620,S3-940159847,S3-94098514,S3-955711047,S3-968023171,S3-977744093,S3-981086057,S3-990066696
S1-196390702	S2-249274723,S2-312982568,S2-971491700,S2-986526857,S3-216985439,S3-374087857,S3-464868963
S1-200376709	S2-136673444,S2-22772506,S2-375083807,S2-39875582,S2-536825589,S2-649648203,S2-730529305,S2-9622708,S2-994313839,S3-226384310,S3-242015140,S3-455728072,S3-511099787,S3-776214266,S3-822589939
S1-218059706	S2-108065880,S2-114801328,S2-223123751,S2-228344851,S2-230599465,S2-327522800,S2-353638583,S2-368741512,S2-378174785,S2-383069541,S2-427374357,S2-463532424,S2-470363816,S2-486142510,S2-502689864,S2-547560114,S2-550159674,S2-55469073,S2-579271383,S2-594964349,S2-600639100,S2-659496238,S2-661469758,S2-69949948,S2-716238434,S2-770240710,S2-801515500,S2-807204278,S2-839049213,S2-93531460,S2-937703023,S2-943275758,S2-959055819,S2-977609843,S3-106299680,S3-128468410,S3-1580244,S3-21825866,S3-228157744,S3-230524638,S3-259971488,S3-354849815,S3-368578128,S3-373886679,S3-384894232,S3-392476214,S3-418381400,S3-429402153,S3-431548740,S3-442218575,S3-445064778,S3-465943316,S3-472881816,S3-506417967,S3-567254295,S3-593653539,S3-59442518,S3-619115665,S3-620949089,S3-621348250,S3-621578492,S3-648072647,S3-651894123,S3-704023784,S3-720446806,S3-73911389,S3-754336317,S3-850599972,S3-855822613,S3-897999922,S3-905710420,S3-929258201,S3-96326193,S3-973786081,S3-980044684,S3-993643866
S1-218685314	S2-355710074,S2-441422968,S2-483721454,S2-574121799,S2-795284924,S3-586356121
S1-225119054	S2-116092947,S2-133252993,S2-134175529,S2-160639671,S2-164189233,S2-171373513,S2-184654292,S2-201282819,S2-213208828,S2-27148087,S2-281619106,S2-315927317,S2-323169426,S2-397789829,S2-414862682,S2-420616935,S2-447033408,S2-450626551,S2-460596421,S2-464266370,S2-502594473,S2-533780258,S2-53403506,S2-535988246,S2-563644814,S2-564433190,S2-572650198,S2-595099737,S2-596878321,S2-61500008,S2-640723488,S2-655597187,S2-656088679,S2-657114549,S2-711990899,S2-720231428,S2-720590139,S2-722559992,S2-747243692,S2-776356778,S2-791255533,S2-795140573,S2-795679709,S2-795982805,S2-798231209,S2-822701319,S2-836846019,S2-861132068,S2-862492525,S2-867607931,S2-868365106,S2-869229747,S2-872823424,S2-874938733,S2-894413559,S2-902261581,S2-904158203,S2-918285488,S2-936968165,S2-944488484,S2-985113991,S2-98707133,S3-161336442,S3-163931885,S3-184184895,S3-261187527,S3-272683622,S3-312776040,S3-313623455,S3-321283249,S3-325293473,S3-332269524,S3-36224725,S3-383593111,S3-399765872,S3-421904444,S3-42899407,S3-439795752,S3-467899517,S3-511364093,S3-51527370,S3-565676085,S3-584555201,S3-585575465,S3-589164622,S3-641694435,S3-667194353,S3-672442271,S3-726498163,S3-740659337,S3-750214481,S3-755273372,S3-769019341,S3-795517480,S3-804001801,S3-822866561,S3-909445473,S3-916573867,S3-91897302,S3-928474436
S1-233296344	S2-111641611,S2-124529526,S2-140328910,S2-145015769,S2-164910921,S2-168696402,S2-178592933,S2-178971361,S2-179461864,S2-182052336,S2-195660368,S2-235398491,S2-248809787,S2-327631457,S2-334354664,S2-404259958,S2-430522363,S2-431057563,S2-432715099,S2-468895832,S2-498830657,S2-553540706,S2-558106126,S2-592423112,S2-602602812,S2-610679926,S2-620175749,S2-629475386,S2-636166046,S2-639672397,S2-646707611,S2-67505679,S2-69214320,S2-699404448,S2-706697276,S2-715030074,S2-758796661,S2-776332691,S2-789940564,S2-803262623,S2-80665528,S2-808715434,S2-82532406,S2-831521394,S2-835259028,S2-872148505,S2-913818679,S2-927844008,S2-942901070,S2-957877419,S2-997128035,S3-103683355,S3-105461164,S3-130861131,S3-132618172,S3-164651940,S3-180349922,S3-216873377,S3-248233177,S3-279620386,S3-287213928,S3-297361998,S3-311049255,S3-356360499,S3-357435889,S3-359504194,S3-37443535,S3-408447852,S3-409393969,S3-412943039,S3-421438703,S3-439695686,S3-459197768,S3-471719999,S3-484999003,S3-485012277,S3-49624903,S3-498724150,S3-516953165,S3-535587808,S3-589149301,S3-599948568,S3-620878970,S3-628688953,S3-675966530,S3-791250347,S3-807984379,S3-810388585,S3-818582172,S3-826439464,S3-830636602,S3-833886483,S3-878050024,S3-882605073,S3-886413573,S3-891148454,S3-912166196,S3-957910544,S3-958298086,S3-962364406
S1-234423373	S2-140184475,S2-162418031,S2-190825164,S2-279085239,S2-300929164,S2-311499193,S2-317848192,S2-318532387,S2-407012146,S2-409737188,S2-409751632,S2-524362280,S2-566943724,S2-595195571,S2-739208908,S2-781156831,S2-801400541,S2-817935651,S2-859408131,S2-973724667,S3-162997581,S3-184503228,S3-211640022,S3-248738800,S3-279111667,S3-283011224,S3-320929683,S3-347799178,S3-384725073,S3-414922290,S3-500236934,S3-514201671,S3-520303683,S3-541227706,S3-558795526,S3-569338351,S3-633855307,S3-634035761,S3-688129072,S3-728281172,S3-879599711,S3-894367474,S3-899583090,S3-941024747
S1-235705784	S2-117754693,S2-119019224,S2-119170862,S2-121382357,S2-14302008,S2-150242280,S2-173337363,S2-213208828,S2-263979882,S2-270355835,S2-275659184,S2-301993127,S2-302080693,S2-3100768,S2-329849472,S2-329876977,S2-371692381,S2-378867947,S2-384829851,S2-386533183,S2-394669149,S2-401516348,S2-406552281,S2-411934178,S2-421993234,S2-422350822,S2-439149899,S2-466022803,S2-467915892,S2-501936753,S2-506994808,S2-511639010,S2-520395904,S2-535903909,S2-538980944,S2-542492616,S2-546489139,S2-587874439,S2-592966140,S2-600910936,S2-60801197,S2-625158084,S2-628129193,S2-669840093,S2-673023686,S2-691956246,S2-731588087,S2-753298731,S2-756065363,S2-831212679,S2-840058249,S2-852115447,S2-867710047,S2-876721131,S2-889020512,S2-909393104,S2-92226573,S2-922477258,S2-928712830,S2-934820328,S2-939466334,S3-125626052,S3-133832370,S3-150670420,S3-216604482,S3-218300911,S3-233913371,S3-23786571,S3-359226982,S3-406413261,S3-409984544,S3-426315561,S3-435489279,S3-480583214,S3-48376538,S3-489238185,S3-500891336,S3-50096781,S3-516241464,S3-531338730,S3-556236572,S3-661982936,S3-664577720,S3-67092186,S3-755016411,S3-77784220,S3-787242837,S3-788624238,S3-794317013,S3-796763451,S3-809020085,S3-809538711,S3-878559803,S3-887439932,S3-932576516,S3-948392473,S3-950217088,S3-969181489,S3-982286178,S3-993480431
S1-241686597	S2-120277302,S2-121022250,S2-126696845,S2-167444822,S2-172206969,S2-186234756,S2-192291895,S2-262434681,S2-298598251,S2-298971264,S2-364169649,S2-411562167,S2-425032844,S2-426153797,S2-428415426,S2-439161022,S2-453368719,S2-503708237,S2-524230824,S2-533393244,S2-539165500,S2-591601299,S2-608141393,S2-645541404,S2-65360588,S2-691681514,S2-699870056,S2-715384790,S2-728626903,S2-76482952,S2-797854842,S2-804718706,S2-821431553,S2-930372745,S2-94118115,S2-94331298,S2-945688451,S2-98198591,S3-105204608,S3-112273366,S3-1154828,S3-125884276,S3-156154545,S3-171390379,S3-197424002,S3-200192601,S3-209098840,S3-21406286,S3-248366534,S3-253872844,S3-257122208,S3-28300083,S3-287549331,S3-319170875,S3-374407058,S3-415199707,S3-418505190,S3-433106934,S3-462242924,S3-477862710,S3-490847532,S3-508373297,S3-519022184,S3-529807556,S3-539067678,S3-539716111,S3-540362719,S3-586775546,S3-592687590,S3-594660264,S3-624811535,S3-626719936,S3-668003349,S3-702144470,S3-714153749,S3-737989560,S3-746824498,S3-749241401,S3-76149866,S3-767397372,S3-785636015,S3-795044353,S3-797908569,S3-85641377,S3-863919816,S3-888456962,S3-897029674,S3-899046526,S3-914721585,S3-921837125,S3-943010245,S3-951680983,S3-96036271
S1-253986331	S2-170993862,S2-310054217,S2-320720125,S2-51018399,S2-589621879,S2-757487043,S2-919958047,S3-136791093,S3-166171443,S3-291224350,S3-314367132,S3-315528878,S3-489238185,S3-702993589,S3-752002339,S3-838623163,S3-882969357,S3-917146724,S3-973365771,S3-998769872
S1-256480068	S2-102286733,S2-126380926,S2-127649829,S2-133044236,S2-14940734,S2-178246198,S2-182052336,S2-207354807,S2-214087576,S2-215169300,S2-22700931,S2-244869949,S2-245824134,S2-258040459,S2-262860560,S2-270768375,S2-275166302,S2-303840498,S2-317986865,S2-31958613,S2-327312740,S2-344085581,S2-42654222,S2-45039411,S2-476817426,S2-484700872,S2-503829652,S2-532002586,S2-557877194,S2-607605766,S2-647343574,S2-666451268,S2-699778678,S2-703556722,S2-708159493,S2-708410465,S2-712397201,S2-715087879,S2-720057792,S2-735104265,S2-739502348,S2-773617994,S2-774139241,S2-788637934,S2-804627671,S2-811409070,S2-82493242,S2-860465082,S2-898171065,S2-899912281,S2-911358391,S2-945161916,S2-951945362,S2-967438873,S2-970220938,S2-970774230,S2-978867470,S3-115061195,S3-126904122,S3-132067707,S3-166218205,S3-168324608,S3-196565468,S3-221755697,S3-275349290,S3-28430063,S3-287055298,S3-306170136,S3-347732574,S3-38043078,S3-380951818,S3-393744173,S3-403301546,S3-432970517,S3-468236317,S3-5316319,S3-539654779,S3-563754134,S3-576297328,S3-583976138,S3-592073516,S3-604536112,S3-606924459,S3-635741056,S3-672948389,S3-702756807,S3-70460315,S3-713237036,S3-721177356,S3-739100742,S3-747487224,S3-825166358,S3-830387454,S3-830717300,S3-847355378,S3-854469227,S3-920959323,S3-921169035,S3-971463717,S3-973786081
S1-257281473	S2-101750215,S2-153269872,S2-182424411,S2-192696208,S2-214601339,S2-268932954,S2-291991077,S2-29267624,S2-306151879,S2-34050777,S2-346463221,S2-347967135,S2-362222076,S2-390068896,S2-393070864,S2-408507954,S2-448517406,S2-521483083,S2-528257353,S2-532002586,S2-53346181,S2-539943184,S2-543769793,S2-558627355,S2-579106491,S2-603128651,S2-624893674,S2-626546137,S2-626930611,S2-632127605,S2-639231137,S2-669193293,S2-705319605,S2-734833318,S2-744794854,S2-747478411,S2-763018444,S2-789302288,S2-823564452,S2-843741773,S2-864202947,S2-865862485,S2-891142270,S2-894805664,S2-8982199,S2-919842349,S2-921857072,S2-94436932,S2-9550244,S2-956408583,S2-972799572,S2-976112664,S3-101846367,S3-10252582,S3-138876124,S3-143785742,S3-162600859,S3-187059206,S3-21407350,S3-216801390,S3-268916400,S3-279290111,S3-291198047,S3-332936295,S3-337398862,S3-340719059,S3-364787350,S3-389390763,S3-43944619,S3-440130255,S3-4710025,S3-494498146,S3-495347641,S3-573066760,S3-573532210,S3-579084575,S3-649210123,S3-679454750,S3-704378232,S3-717409784,S3-73017836,S3-733627150,S3-736898216,S3-752683095,S3-754089081,S3-764381107,S3-765325140,S3-783892874,S3-8599226,S3-874149367,S3-891608925,S3-918914347,S3-925278717,S3-944191560,S3-9506807,S3-960427675,S3-960874367,S3-971987430,S3-972780912,S3-999367383
S1-261360486	S2-103969126,S2-114801328,S2-148683077,S2-182424411,S2-187593824,S2-214601339,S2-247341171,S2-268932954,S2-270014207,S2-322753932,S2-334233016,S2-34050777,S2-408507954,S2-444238695,S2-458680931,S2-528257353,S2-539943184,S2-543769793,S2-605734275,S2-624893674,S2-632127605,S2-638699299,S2-669193293,S2-705319605,S2-729239134,S2-734833318,S2-744794854,S2-747478411,S2-763018444,S2-78721559,S2-789302288,S2-843741773,S2-868242102,S2-869006382,S2-894805664,S2-8982199,S2-9550244,S2-969344678,S2-994641532,S2-997447520,S3-135370123,S3-160244621,S3-162600859,S3-165071201,S3-187059206,S3-200017291,S3-253225599,S3-256581225,S3-275899592,S3-279595702,S3-2822901,S3-337398862,S3-363006966,S3-364787350,S3-389390763,S3-422022489,S3-438860770,S3-440130255,S3-451398758,S3-461399466,S3-4710025,S3-476407690,S3-494498146,S3-495972739,S3-502360169,S3-502745307,S3-548256124,S3-551580447,S3-561486665,S3-562191021,S3-640939636,S3-640944500,S3-640997844,S3-646771015,S3-655272160,S3-73017836,S3-752683095,S3-754089081,S3-760915770,S3-786260516,S3-797771608,S3-818486597,S3-821705153,S3-846977678,S3-8599226,S3-874149367,S3-891608925,S3-899921048,S3-925278717,S3-942805304,S3-944191560,S3-948466849,S3-954087177,S3-957168133,S3-960874367,S3-971987430,S3-972780912,S3-984560776,S3-994611514,S3-999365314
S1-269039848	S2-143852128,S2-157314870,S2-162570019,S2-173868402,S2-237459247,S2-284785625,S2-29317506,S2-387917057,S2-394943512,S2-424061015,S2-456007091,S2-512867429,S2-538613837,S2-575119611,S2-580815414,S2-600711151,S2-611666106,S2-628886632,S2-661030345,S2-70698601,S2-770688784,S2-785890760,S2-836906889,S2-840324152,S2-853275037,S2-855576345,S2-886083717,S2-930878840,S2-934200444,S2-943123910,S2-95126803,S3-105506284,S3-108208510,S3-125845903,S3-140325394,S3-181500291,S3-181819854,S3-251037558,S3-303592906,S3-307498554,S3-330160201,S3-36425933,S3-397347250,S3-403330265,S3-428917873,S3-466599305,S3-503139500,S3-525707099,S3-532851394,S3-55447284,S3-609111849,S3-675117877,S3-822368056,S3-828694581,S3-830360769
S1-270609465	S2-108860725,S2-111605698,S2-136200009,S2-137787594,S2-146009461,S2-157842177,S2-185194896,S2-202157631,S2-203705380,S2-204289763,S2-222899205,S2-254668576,S2-290759547,S2-299640307,S2-311198605,S2-324888289,S2-327998650,S2-348990518,S2-355895406,S2-374604331,S2-38839585,S2-402447242,S2-402878740,S2-413024226,S2-432522197,S2-451098149,S2-458586441,S2-466435003,S2-53716714,S2-538471984,S2-538521710,S2-551082031,S2-560140043,S2-567645439,S2-571216926,S2-575813071,S2-582244287,S2-611769551,S2-644844275,S2-65897181,S2-728705887,S2-732829021,S2-773663502,S2-831707743,S2-845577049,S2-881009724,S2-894413559,S2-903418291,S2-9255512,S2-926671037,S2-937461012,S2-965085514,S2-972563811,S2-973978023,S2-976205330,S2-976646126,S3-101994016,S3-115013813,S3-137228264,S3-149254300,S3-149258679,S3-14953240,S3-215965899,S3-297700556,S3-297854230,S3-303592906,S3-314502150,S3-325026002,S3-344334029,S3-374680677,S3-375471546,S3-413822412,S3-419246010,S3-481062600,S3-48603516,S3-571088952,S3-582388930,S3-597956126,S3-624812593,S3-679607781,S3-680631257,S3-705372982,S3-719847578,S3-72138002,S3-743575962,S3-75093689,S3-752837637,S3-777003283,S3-805167640,S3-854342623,S3-855368090,S3-859255836,S3-872190855,S3-904503593,S3-91111250,S3-950425401,S3-955799035,S3-959903778,S3-965573416,S3-968847114
S1-273979066	S2-118711492,S2-134668035,S2-1725497,S2-198163085,S2-245909245,S2-251067677,S2-273744774,S2-296830281,S2-326494649,S2-328849658,S2-348005509,S2-374750542,S2-396214517,S2-421878145,S2-423915641,S2-432715099,S2-444317957,S2-457401739,S2-494311438,S2-500594685,S2-515367842,S2-528449606,S2-550292034,S2-551298833,S2-554514591,S2-585413507,S2-60581228,S2-656300155,S2-676645099,S2-698582194,S2-69965969,S2-715999104,S2-734833318,S2-735547873,S2-746013967,S2-747478411,S2-794730061,S2-799748371,S2-808795673,S2-814657101,S2-844790251,S2-849332419,S2-877823257,S2-91984199,S2-924681052,S2-971339247,S2-984527080,S2-991258454,S2-998946409,S3-100069339,S3-12709247,S3-137115726,S3-14287432,S3-159417574,S3-181139416,S3-188287639,S3-203457507,S3-205063248,S3-248745848,S3-261337333,S3-274202045,S3-278334032,S3-300764673,S3-337341123,S3-3403139,S3-369356211,S3-401227479,S3-402527005,S3-477655292,S3-493129432,S3-507942834,S3-512875994,S3-521765842,S3-525272562,S3-570166360,S3-59282970,S3-632713634,S3-635220818,S3-635258592,S3-654304847,S3-661934263,S3-675912849,S3-693452906,S3-715994092,S3-750540252,S3-756290760,S3-798103797,S3-803003378,S3-810396887,S3-854976562,S3-861968819,S3-890486048,S3-897563080,S3-920161719,S3-920801248,S3-94040535,S3-963486569,S3-98375960,S3-989032376,S3-998294478
S1-274090278	S2-108610091,S2-113341203,S2-143045019,S2-180447263,S2-190103142,S2-195224749,S2-237742880,S2-242382648,S2-247560956,S2-276042585,S2-28413258,S2-292994897,S2-31635665,S2-337412204,S2-377309216,S2-382086602,S2-398460096,S2-468244672,S2-505207981,S2-544317455,S2-560416085,S2-572006518,S2-595741625,S2-615514328,S2-615656154,S2-631864434,S2-648012514,S2-668815693,S2-672810684,S2-682005802,S2-743127438,S2-791613827,S2-816055452,S2-831449937,S2-840543070,S2-844267085,S2-851238110,S2-865130289,S2-869006382,S2-89038691,S2-905897006,S2-95741945,S2-983332474,S2-985300066,S3-115308217,S3-137488563,S3-151433824,S3-177283783,S3-179289650,S3-184565032,S3-184919014,S3-223537262,S3-227899492,S3-250590475,S3-306440777,S3-318314498,S3-326060442,S3-331747369,S3-334396627,S3-336570973,S3-342318269,S3-34240321,S3-353153774,S3-362853940,S3-382718913,S3-393022557,S3-394251418,S3-454085095,S3-47523244,S3-478254326,S3-496785125,S3-520285425,S3-522414273,S3-544214299,S3-561307572,S3-581212083,S3-5944085,S3-636358389,S3-671872550,S3-672948389,S3-706632872,S3-735978186,S3-738820367,S3-749572639,S3-75190163,S3-758995775,S3-763871848,S3-768378758,S3-781337426,S3-826983785,S3-847647838,S3-852132456,S3-853285328,S3-883806983,S3-887660270,S3-899709949,S3-912895438,S3-959064940,S3-971574194,S3-997821216
S1-284209086	S2-101591517,S2-105291052,S2-106248676,S2-145275705,S2-149854075,S2-174298792,S2-188447789,S2-224023262,S2-275404449,S2-31005931,S2-317305405,S2-353951791,S2-365863876,S2-368384203,S2-381453553,S2-384350223,S2-399770614,S2-41143092,S2-433677001,S2-44198918,S2-45115645,S2-479669124,S2-482567495,S2-495622919,S2-505615047,S2-513640291,S2-52414714,S2-541928020,S2-542840931,S2-552560386,S2-583932680,S2-624893674,S2-629103832,S2-644691786,S2-663736970,S2-717555864,S2-736616519,S2-746168718,S2-7521413,S2-75634404,S2-79607959,S2-809690169,S2-81197893,S2-815424973,S2-833719078,S2-851863799,S2-857237851,S2-863692714,S2-867362469,S2-868574975,S2-887096875,S2-895682105,S2-916200286,S2-942858415,S2-953815479,S3-102569660,S3-11205653,S3-140678333,S3-164914851,S3-184194193,S3-191185516,S3-192752392,S3-208396668,S3-211729388,S3-221755697,S3-24607918,S3-299307922,S3-323666433,S3-335805814,S3-355993491,S3-36342485,S3-370101629,S3-376934412,S3-437019859,S3-464702130,S3-472261626,S3-493730758,S3-545285539,S3-579568178,S3-593385222,S3-595909456,S3-614951933,S3-618795577,S3-630615071,S3-645246519,S3-758647497,S3-782412828,S3-794907696,S3-799199666,S3-802059214,S3-815120181,S3-847973844,S3-852310629,S3-865010009,S3-866521755,S3-871669458,S3-920375167,S3-965738228,S3-975576582,S3-996754914
S1-285739773	S2-115895061,S2-125695862,S2-130639814,S2-14360953,S2-156814930,S2-157446495,S2-163509911,S2-213464170,S2-220688473,S2-223649000,S2-237762946,S2-256496470,S2-288244239,S2-303376487,S2-30842411,S2-326828857,S2-394870918,S2-399093182,S2-409506475,S2-467505244,S2-469962759,S2-474986829,S2-487495973,S2-503375926,S2-559808795,S2-596694703,S2-63114109,S2-633787966,S2-6530182,S2-653913198,S2-656917129,S2-675178649,S2-678397994,S2-765966940,S2-793642269,S2-824835654,S2-838493982,S2-880832443,S2-898171065,S2-901390153,S2-913976206,S2-92615749,S2-934753460,S2-963968278,S2-9723901,S3-131889212,S3-164521612,S3-227125737,S3-230129402,S3-24664043,S3-255846010,S3-257169467,S3-288821874,S3-329618347,S3-331341130,S3-338674355,S3-425518213,S3-470625657,S3-480811028,S3-497508886,S3-499976564,S3-512050379,S3-51925342,S3-529263046,S3-545522875,S3-582373592,S3-58675578,S3-635420112,S3-635736952,S3-671872550,S3-674378814,S3-67467882,S3-683043624,S3-714398744,S3-750613728,S3-758833150,S3-761335890,S3-789271731,S3-806208601,S3-845493653,S3-872085408,S3-872756681,S3-882775378,S3-894831113,S3-897394165,S3-899747602,S3-901588752,S3-908731517,S3-945135312,S3-948210665,S3-984291380,S3-990707716
S1-289853373	S2-108610091,S2-114801328,S2-119029058,S2-122190172,S2-137466835,S2-153269872,S2-17296529,S2-187593824,S2-190298268,S2-191045664,S2-224495015,S2-247341171,S2-260445047,S2-262659072,S2-322753932,S2-339320580,S2-354639710,S2-37996167,S2-396540947,S2-421540927,S2-436120738,S2-458680931,S2-474277193,S2-479636080,S2-503356267,S2-554378599,S2-587009456,S2-593628794,S2-605734275,S2-613451296,S2-634202116,S2-646250793,S2-656749559,S2-66614591,S2-689364281,S2-767465005,S2-768494295,S2-768922688,S2-818303488,S2-827376942,S2-860238547,S2-948280510,S2-966964880,S2-969344678,S2-988123906,S3-104523923,S3-105418995,S3-119824880,S3-135370123,S3-149207858,S3-155616033,S3-188251108,S3-194971113,S3-207836569,S3-23715167,S3-250876357,S3-253225599,S3-283699483,S3-294731802,S3-312341122,S3-316249659,S3-345805834,S3-375692639,S3-394251418,S3-40457362,S3-412505763,S3-413671146,S3-472881816,S3-476407690,S3-484242630,S3-495972739,S3-502745307,S3-531498905,S3-551580447,S3-561486665,S3-572561934,S3-58973096,S3-591812637,S3-624842519,S3-640939636,S3-640997844,S3-646771015,S3-681024247,S3-729855133,S3-786260516,S3-797771608,S3-815433270,S3-818486597,S3-831201206,S3-840693423,S3-877790737,S3-881317713,S3-918922262,S3-919189890,S3-927838183,S3-934931244,S3-942805304,S3-979530754,S3-984733451,S3-99671655
S1-291991311	S2-121382357,S2-178828788,S2-183664973,S2-228779604,S2-247552236,S2-254788701,S2-258524103,S2-266340710,S2-26950925,S2-277887548,S2-282961773,S2-301746313,S2-318303423,S2-318761441,S2-322127049,S2-33383115,S2-348024958,S2-385345869,S2-418380949,S2-423131785,S2-430031715,S2-453140787,S2-460184311,S2-461563520,S2-502709642,S2-50391215,S2-527695405,S2-603635417,S2-613343223,S2-624560793,S2-630651352,S2-647511333,S2-659345862,S2-665584581,S2-673473326,S2-716235978,S2-723832431,S2-732829021,S2-738484039,S2-747243692,S2-753444740,S2-764713035,S2-77306856,S2-773169022,S2-798018002,S2-822346901,S2-828819520,S2-830415316,S2-838831361,S2-844263640,S2-921111723,S2-921137386,S2-938743845,S2-943707831,S3-113253162,S3-141091952,S3-234114420,S3-342384595,S3-344959823,S3-356135865,S3-371438067,S3-4002608,S3-440995686,S3-448167934,S3-480227792,S3-497472606,S3-518368288,S3-531382324,S3-533193854,S3-536348122,S3-542980413,S3-556236572,S3-563641161,S3-57045093,S3-575306388,S3-57619122,S3-583028491,S3-602432033,S3-603364853,S3-616761805,S3-631161990,S3-643405329,S3-649126738,S3-673525475,S3-68635253,S3-696671091,S3-731358529,S3-732207078,S3-745541681,S3-776849193,S3-781958416,S3-812434061,S3-82315301,S3-899441975,S3-906042339,S3-906244277,S3-926493316,S3-936232499,S3-940450786,S3-9578195
S1-30151590	S2-148416682,S2-155721168,S2-210987458,S2-340140487,S2-635332068,S2-637048988,S2-667391262,S2-674667779,S2-998910997,S3-622227816,S3-900174292
S1-304099102	S2-136221358,S2-150628247,S2-153046971,S2-166760851,S2-175566180,S2-177633442,S2-27112598,S2-279085239,S2-279167566,S2-288974455,S2-30065227,S2-3100768,S2-354537105,S2-362715401,S2-366451799,S2-367619938,S2-369574516,S2-369583328,S2-398772289,S2-413941191,S2-414418413,S2-4212061,S2-434463442,S2-457286391,S2-477986423,S2-504084863,S2-530868795,S2-542056483,S2-574021814,S2-57777878,S2-623817123,S2-650779848,S2-656088679,S2-687568056,S2-692264494,S2-694627142,S2-727608986,S2-731649105,S2-775967081,S2-787757653,S2-795022161,S2-795982805,S2-797215846,S2-802605821,S2-824509207,S2-830797725,S2-84848327,S2-881915924,S2-905566596,S2-929534934,S2-933085923,S2-973980011,S3-113462535,S3-159360948,S3-161338369,S3-181144762,S3-227082747,S3-23078059,S3-263150219,S3-273324366,S3-273690584,S3-319942126,S3-335125824,S3-349855875,S3-369295430,S3-386174815,S3-398915272,S3-430121015,S3-434589261,S3-444175673,S3-471847899,S3-515350015,S3-530583169,S3-555900685,S3-583028491,S3-609111849,S3-64215283,S3-649789789,S3-652402794,S3-727512291,S3-736629062,S3-747871677,S3-757540946,S3-771807288,S3-778721504,S3-781852341,S3-802676977,S3-808545425,S3-821770025,S3-845558708,S3-851947652,S3-879599711,S3-889864472,S3-891691813,S3-903166179,S3-905372855,S3-922330988,S3-923893777,S3-935643339,S3-975758507
S1-307045007	S2-126411084,S2-145881455,S2-159309627,S2-201503672,S2-261149695,S2-312530374,S2-317209720,S2-375456364,S2-411825702,S2-431031335,S2-444945373,S2-504223867,S2-545078974,S2-609904737,S2-623940116,S2-671542071,S2-689427508,S2-704071681,S2-74659450,S2-763453108,S2-781618295,S2-785316903,S2-7896958,S2-861802956,S2-864222307,S2-897423255,S2-90236995,S2-944903442,S2-97344355,S2-978115329,S3-106280872,S3-204114442,S3-228212163,S3-240322489,S3-245133916,S3-250208810,S3-282797133,S3-303459507,S3-34182927,S3-407122315,S3-408946993,S3-438609565,S3-47344489,S3-509643842,S3-525974493,S3-539772427,S3-572654508,S3-594603526,S3-650052284,S3-680757071,S3-708406357,S3-905372855,S3-906709642,S3-910671497,S3-921360120,S3-982355399,S3-984763052,S3-989788512,S3-997732969,S3-999749803
S1-308671803	S2-258490629,S2-297891330,S2-365353207,S2-504789316,S2-55691462,S2-579568693,S2-593120056,S2-625176585,S2-65680643,S2-671132492,S2-812656407,S2-846306239,S2-914129701,S2-999381076,S3-114137324,S3-12210431,S3-131814854,S3-182573580,S3-203889100,S3-214151267,S3-224828597,S3-249577806,S3-250536983,S3-260455973,S3-279663481,S3-283270020,S3-287202993,S3-316664155,S3-319939762,S3-343438333,S3-344047152,S3-371484377,S3-37982794,S3-396449814,S3-427823904,S3-547124459,S3-669396198,S3-703367647,S3-722860600,S3-723919049,S3-857740597,S3-903713633,S3-905200097
S1-314045617	S2-10593798,S2-123315323,S2-138565970,S2-185249310,S2-200409231,S2-208731539,S2-221851509,S2-233800372,S2-239035791,S2-239600027,S2-240841658,S2-272756604,S2-278254185,S2-296116464,S2-309376589,S2-31565656,S2-318448248,S2-342006176,S2-353872072,S2-38910827,S2-405089580,S2-417090507,S2-440646215,S2-445103019,S2-460922459,S2-470179718,S2-488499591,S2-532212165,S2-540216733,S2-546605177,S2-554374028,S2-558995051,S2-577731258,S2-605189433,S2-685786223,S2-698322560,S2-727190886,S2-746135216,S2-787936112,S2-809136499,S2-818588687,S2-848582954,S2-856048107,S2-871039361,S2-877439980,S2-921443202,S2-92513439,S2-93838873,S2-942219557,S2-967974285,S3-120411575,S3-135533426,S3-142211101,S3-19880359,S3-202128919,S3-272704212,S3-277847368,S3-310579943,S3-32897060,S3-364263072,S3-372102007,S3-377061965,S3-397744173,S3-401226440,S3-425925630,S3-433379192,S3-466035547,S3-470035393,S3-539751132,S3-589102184,S3-616867564,S3-681295971,S3-694778624,S3-695867888,S3-72479000,S3-740167153,S3-740524711,S3-759293153,S3-773096601,S3-81652494,S3-820294577,S3-820730651,S3-820940672,S3-828129932,S3-880172655,S3-903574708,S3-918803529,S3-947718579,S3-956285772,S3-998983757
S1-315450523	S2-123802401,S2-192862353,S2-340375254,S2-633659287,S2-641336928,S2-676661435,S3-162014524,S3-164116745,S3-300725657,S3-368273517,S3-379167995,S3-631227915,S3-720486952,S3-980152742
S1-318218643	S2-101040167,S2-116092947,S2-11832470,S2-11866142,S2-134063812,S2-134525567,S2-142377622,S2-163627906,S2-174396474,S2-204074527,S2-206232437,S2-248778072,S2-255280797,S2-300451593,S2-304748794,S2-331311420,S2-34413135,S2-344874828,S2-352839034,S2-354299076,S2-358940106,S2-375938404,S2-391592745,S2-397606128,S2-405040556,S2-432372684,S2-434595318,S2-438422856,S2-439438994,S2-479237404,S2-480589587,S2-525338352,S2-530280391,S2-5757527,S2-581430173,S2-592335494,S2-593940594,S2-595309892,S2-609126175,S2-620079579,S2-621417649,S2-637315697,S2-690011660,S2-720148946,S2-751974396,S2-799319728,S2-847685918,S2-852216084,S2-874736538,S2-886209062,S2-889904221,S2-902034763,S2-902771184,S2-945865905,S2-973893483,S2-983958022,S2-984861544,S3-113174911,S3-140111615,S3-182573580,S3-208774137,S3-252859423,S3-260180455,S3-268622131,S3-268816588,S3-325999314,S3-343956325,S3-377607891,S3-383465020,S3-422340950,S3-423560407,S3-44249603,S3-446367210,S3-476877208,S3-499028395,S3-499896334,S3-506752973,S3-53301332,S3-534744241,S3-569338351,S3-578737696,S3-590211998,S3-607757348,S3-672600432,S3-678450927,S3-693030438,S3-69598480,S3-721414746,S3-7551945,S3-778374264,S3-808306051,S3-837809926,S3-853135198,S3-881001163,S3-882928638,S3-924424132,S3-950420522,S3-963515635,S3-975220856,S3-977277260
S1-324674388	S2-116199441,S2-164498910,S2-199669656,S2-207964292,S2-220720253,S2-248793810,S2-271555689,S2-297215873,S2-299108910,S2-312372957,S2-318399163,S2-33237522,S2-358183733,S2-367619938,S2-415177929,S2-418551982,S2-426056399,S2-426632654,S2-448967653,S2-454714477,S2-464266370,S2-468756025,S2-46989188,S2-475305437,S2-480821739,S2-486281718,S2-490072749,S2-490732870,S2-50256920,S2-50391215,S2-507192029,S2-508374208,S2-510383940,S2-518145813,S2-521180185,S2-537342965,S2-55434341,S2-569542739,S2-600197053,S2-613454283,S2-624981834,S2-646867412,S2-650512870,S2-650779848,S2-65378876,S2-654784858,S2-663913320,S2-666060563,S2-669658925,S2-682253670,S2-683539102,S2-700693791,S2-704682305,S2-709331265,S2-71207926,S2-733685514,S2-736189759,S2-742149781,S2-747466359,S2-748555018,S2-757402261,S2-78769581,S2-793614403,S2-798828414,S2-808728262,S2-814565512,S2-823401038,S2-8253948,S2-829980962,S2-832692110,S2-835144110,S2-847882502,S2-849730555,S2-851979749,S2-857216235,S2-874354006,S2-880486716,S2-895257258,S2-897712063,S2-905566596,S2-938114968,S2-944147628,S2-963300188,S2-97346546,S2-981698749,S2-985067449,S2-994698031,S3-113599531,S3-125626052,S3-163349005,S3-208304860,S3-209328191,S3-332269524,S3-431195246,S3-440050379,S3-508834162,S3-60788516,S3-658112458,S3-91211470,S3-977224107
S1-328164935	S2-123440872,S2-138434987,S2-266100596,S2-30190274,S2-323027978,S2-346804520,S2-35561146,S2-356735547,S2-36317224,S2-37044016,S2-399206808,S2-432529370,S2-455781685,S2-46898294,S2-486142138,S2-560381010,S2-581300863,S2-631138522,S2-632683905,S2-657346960,S2-660248681,S2-698979712,S2-699440369,S2-718800703,S2-722562835,S2-742194956,S2-813054624,S2-827093547,S2-83498409,S2-850920420,S2-8864337,S2-918854842,S2-947282466,S2-987763846,S2-988924900,S3-108301149,S3-122111135,S3-197219694,S3-206794629,S3-290712229,S3-300516632,S3-354081572,S3-392191524,S3-413506078,S3-424447222,S3-44210422,S3-452605056,S3-458735965,S3-478891192,S3-483995612,S3-513059484,S3-515328071,S3-523708948,S3-535481909,S3-611682531,S3-642676321,S3-668229904,S3-690226676,S3-706700976,S3-724874305,S3-728067555,S3-738713133,S3-809467835,S3-817285949,S3-819032930,S3-855567939,S3-863259103,S3-884027738,S3-890833885,S3-94971440,S3-953717966,S3-96383642,S3-980149463,S3-986770321
S1-340996011	S2-156688612,S2-362602827,S2-558585274,S2-562696174,S2-576100292,S2-611602843,S2-629880378,S2-64116832,S2-825131753,S2-858132046,S2-907428304,S2-934168973,S2-967569498,S2-99019652,S3-211797675,S3-258652851,S3-304824402,S3-353440247,S3-360767318,S3-403248786,S3-436506518,S3-44179996,S3-444454750,S3-462297856,S3-484589045,S3-509473384,S3-57797592,S3-638151193,S3-779190672,S3-787353706,S3-80484042,S3-821555918,S3-866350998,S3-884108415,S3-931454338
S1-355110377	S2-100901770,S2-106408832,S2-117046778,S2-123204923,S2-128076983,S2-129808262,S2-134697040,S2-206988548,S2-240010318,S2-262378104,S2-263112597,S2-28971519,S2-315281031,S2-32257105,S2-337282143,S2-356220463,S2-367357164,S2-372609733,S2-400614296,S2-415374456,S2-416607733,S2-433784280,S2-437128444,S2-476111309,S2-482452040,S2-489908959,S2-497944131,S2-53989051,S2-569456828,S2-572114402,S2-573664342,S2-662992311,S2-66508600,S2-667327888,S2-698305314,S2-709605576,S2-746566824,S2-75150479,S2-753179059,S2-762168446,S2-776285729,S2-781672259,S2-795672448,S2-803814098,S2-839763761,S2-845345337,S2-893669875,S2-905395948,S2-910212980,S2-911868107,S2-95450902,S2-967591807,S2-978908864,S2-988530848,S3-126568401,S3-132943392,S3-137465909,S3-144340780,S3-158968774,S3-162206765,S3-171804547,S3-205122250,S3-25538547,S3-270000652,S3-27294873,S3-290664485,S3-296505056,S3-310005114,S3-312811386,S3-347799178,S3-41462062,S3-42450799,S3-444309293,S3-468283890,S3-475559243,S3-501961868,S3-510297461,S3-519074811,S3-526068711,S3-568564318,S3-577677531,S3-585257902,S3-61739004,S3-653223872,S3-655734191,S3-679306055,S3-681485646,S3-686023876,S3-688324419,S3-710027850,S3-726039825,S3-759294915,S3-764890549,S3-766890620,S3-848526602,S3-86358305,S3-864543325,S3-904281864,S3-946978733,S3-986827642
S1-356820551	S2-154748565,S2-211126789,S2-240978050,S2-251270580,S2-268440438,S2-272756604,S2-345306217,S2-389218278,S2-405089580,S2-416299761,S2-439042318,S2-449392076,S2-454761179,S2-468887326,S2-470179718,S2-49774351,S2-505547313,S2-507124232,S2-535097128,S2-539166987,S2-541636548,S2-541750887,S2-549794568,S2-570127107,S2-582984116,S2-589077772,S2-615216022,S2-630966217,S2-635381033,S2-63797915,S2-659065587,S2-674991742,S2-737755324,S2-74788404,S2-759983025,S2-765802852,S2-787824525,S2-796310886,S2-821362422,S2-829983999,S2-856752009,S2-896297669,S2-89702757,S2-921443202,S2-945842043,S2-962387766,S2-967989943,S2-968750052,S2-977636118,S2-980594306,S2-981819822,S3-123144797,S3-148196630,S3-152773813,S3-17270530,S3-224604305,S3-273372632,S3-295136350,S3-340992747,S3-353236618,S3-372004907,S3-374352670,S3-377719257,S3-401226440,S3-444688916,S3-455215722,S3-462756570,S3-475379542,S3-508859384,S3-544294982,S3-552326148,S3-626719936,S3-62906893,S3-655060238,S3-718782712,S3-731892089,S3-740167153,S3-760498192,S3-762304498,S3-777614330,S3-785858557,S3-791806722,S3-801602539,S3-801977543,S3-806957410,S3-813698866,S3-830213733,S3-846531212,S3-870307491,S3-907737127,S3-920657691,S3-92190520,S3-933463392,S3-933920165,S3-971391621,S3-975316688,S3-988207097,S3-997948700
S1-357200984	S2-1942598,S2-196088758,S2-209113147,S2-212275344,S2-279167566,S2-330334739,S2-466464824,S2-569967225,S2-577186665,S2-612093693,S2-629656502,S2-657612909,S2-662107705,S2-672144096,S2-761563119,S2-798828414,S2-856654739,S2-893251254,S2-910978799,S2-918939789,S3-106418128,S3-16043096,S3-188615523,S3-244088835,S3-332753509,S3-406378055,S3-484760439,S3-495102234,S3-548530757,S3-562003199,S3-570182570,S3-581531924,S3-727469014,S3-73747670,S3-750937686,S3-773785851,S3-819447134,S3-836664085,S3-885955668,S3-895570724,S3-896040149,S3-921951280,S3-945119221,S3-957820422,S3-966876726,S3-98460266,S3-986374350,S3-992214198
S1-365672071	S2-114171211,S2-121693888,S2-140392613,S2-168143357,S2-174528596,S2-18635222,S2-217445093,S2-236463655,S2-24330465,S2-261265559,S2-288252849,S2-296486940,S2-29832113,S2-312551107,S2-314714543,S2-35427816,S2-393802428,S2-427473980,S2-428658484,S2-446177735,S2-446759769,S2-448230568,S2-451237378,S2-459911423,S2-462000905,S2-488609470,S2-496025594,S2-516212354,S2-53619573,S2-555401643,S2-557352853,S2-558585274,S2-568658536,S2-590157945,S2-594414847,S2-595784441,S2-648528769,S2-662891369,S2-663471075,S2-689330978,S2-705913643,S2-715030074,S2-734042937,S2-754231208,S2-76483638,S2-767390046,S2-786265004,S2-787337411,S2-800004072,S2-808028948,S2-810791111,S2-818064222,S2-825274870,S2-826877471,S2-891272346,S2-906018813,S2-93373345,S2-956536970,S2-956677516,S2-9614134,S2-965909258,S2-97209238,S2-974326661,S3-126682552,S3-127038053,S3-160669569,S3-168976316,S3-186941254,S3-194183351,S3-201390794,S3-258652851,S3-29802948,S3-304904980,S3-309763981,S3-30997744,S3-320866143,S3-328425476,S3-347929707,S3-397909915,S3-414703806,S3-442829559,S3-491026992,S3-52031147,S3-53664632,S3-563507566,S3-625016160,S3-643232232,S3-678688266,S3-67912149,S3-71724236,S3-735658070,S3-814950404,S3-818016200,S3-862549511,S3-878957018,S3-881224789,S3-926742247,S3-934107367,S3-93612826,S3-96234289
S1-366329737	S2-100875169,S2-104602584,S2-122336163,S2-122744511,S2-132810637,S2-134950497,S2-140180889,S2-149370940,S2-158399201,S2-179428740,S2-183491219,S2-18394219,S2-191007167,S2-222090680,S2-231202008,S2-245909245,S2-247327801,S2-353096605,S2-353716542,S2-366986483,S2-376199111,S2-388604867,S2-3914789,S2-438235722,S2-459270736,S2-476737109,S2-481816831,S2-48935959,S2-503375926,S2-517606185,S2-542402013,S2-546413297,S2-565073472,S2-571132317,S2-609856602,S2-612031052,S2-629026038,S2-629475386,S2-640542998,S2-64116832,S2-660027180,S2-682742281,S2-742578480,S2-787531004,S2-802208598,S2-816934387,S2-833591292,S2-843819916,S2-845972423,S2-846047154,S2-860238547,S2-865926824,S2-873237963,S2-897571622,S2-8982199,S2-901324869,S2-914904844,S2-936867164,S2-953037948,S2-965310397,S2-984241859,S2-99859010,S3-120935082,S3-12354909,S3-174613027,S3-174713586,S3-207949631,S3-211993549,S3-250590475,S3-30581895,S3-314980890,S3-373287337,S3-380471053,S3-436824981,S3-445971990,S3-459163116,S3-47523244,S3-476407690,S3-495143443,S3-516953165,S3-521765842,S3-551114082,S3-625734934,S3-645180723,S3-686622408,S3-709963397,S3-710553476,S3-766461982,S3-768107592,S3-768378758,S3-773959162,S3-831053278,S3-862466377,S3-865044079,S3-880797128,S3-895860680,S3-899348640,S3-917203880,S3-96530817,S3-994292654
S1-372253974	S2-103402904,S2-163493432,S2-258068937,S2-295642177,S2-327829035,S2-38470677,S2-450445631,S2-48217244,S2-482965691,S2-487524833,S2-513674710,S2-558505389,S2-630442363,S2-690500641,S2-728747354,S2-770052286,S2-876545329,S2-904092717,S2-935018855,S2-978059769,S2-998910997,S3-129158700,S3-179580164,S3-216627372,S3-23749386,S3-241845601,S3-282396105,S3-360871824,S3-39438877,S3-424168616,S3-54408554,S3-581908081,S3-628708596,S3-659963286,S3-727349114,S3-729093630,S3-741388433,S3-813327031,S3-891395251,S3-919613292,S3-942807317,S3-943601510,S3-976541956,S3-99342018,S3-997247509
S1-3732976	S2-11389574,S2-13436167,S2-136704480,S2-14302008,S2-145680687,S2-154696595,S2-167575886,S2-184190407,S2-192802782,S2-219437137,S2-248800034,S2-270527204,S2-28134581,S2-292440715,S2-320983511,S2-321565255,S2-328398392,S2-372378403,S2-395504295,S2-428176216,S2-434331979,S2-486149949,S2-563275270,S2-5707522,S2-589224004,S2-609536375,S2-642921016,S2-653808536,S2-660809085,S2-684551309,S2-692078592,S2-710795247,S2-717103442,S2-727114108,S2-727234193,S2-7352143,S2-762842003,S2-76923389,S2-785641119,S2-800992054,S2-891469234,S2-902823911,S2-909126088,S2-932830398,S2-942568155,S3-123783160,S3-130100987,S3-139561819,S3-151098654,S3-15858453,S3-175399891,S3-212356144,S3-216627372,S3-223453487,S3-237104313,S3-239598352,S3-253094799,S3-256137275,S3-303239341,S3-310991726,S3-327833165,S3-344681418,S3-345291407,S3-377061430,S3-380278329,S3-415824691,S3-425694678,S3-442680990,S3-460504929,S3-473367120,S3-483426014,S3-48376538,S3-501901914,S3-513589353,S3-515696539,S3-518125467,S3-520390316,S3-566929643,S3-61047125,S3-626110802,S3-670775535,S3-685007848,S3-723615269,S3-766469165,S3-800499462,S3-804292827,S3-807478189,S3-808994890,S3-826358747,S3-832434530,S3-841714868,S3-847369810,S3-853118311,S3-878559803,S3-895992541,S3-921837125,S3-935293962,S3-953398150,S3-96261217,S3-996802106
S1-375348297	S2-120339306,S2-125577528,S2-142547025,S2-154748565,S2-155102849,S2-156452752,S2-19925397,S2-292592054,S2-29302830,S2-32844075,S2-339122024,S2-352383953,S2-364146512,S2-392531905,S2-411574583,S2-425513728,S2-453482489,S2-465311792,S2-468956394,S2-487379773,S2-492836642,S2-510781964,S2-540265081,S2-57774625,S2-589750339,S2-622481215,S2-628378031,S2-636163808,S2-638764882,S2-67633039,S2-715638378,S2-738996676,S2-7671095,S2-774031665,S2-776794265,S2-784715242,S2-787288086,S2-811668480,S2-845683674,S2-866333046,S2-907293534,S2-939256569,S2-9456816,S2-951117541,S2-957597561,S2-976889126,S3-141943961,S3-144155427,S3-149622251,S3-152832792,S3-239475920,S3-342278286,S3-371574026,S3-402344486,S3-412478415,S3-418990846,S3-44351165,S3-453052054,S3-494380500,S3-560071717,S3-58783452,S3-615263624,S3-66260507,S3-668807633,S3-722381828,S3-722861779,S3-729520785,S3-759743430,S3-76805206,S3-768495437,S3-769077370,S3-785016091,S3-824949915,S3-826237923,S3-850471397,S3-851230181,S3-8593064,S3-872115917,S3-933548165,S3-957284469,S3-962918866
S1-376882708	S2-103820926,S2-182145854,S2-185654339,S2-242594492,S2-268440438,S2-272944416,S2-301551130,S2-322545787,S2-362690308,S2-364146512,S2-371999426,S2-384139362,S2-398570650,S2-409250915,S2-411317921,S2-435467464,S2-446585847,S2-454761179,S2-492031103,S2-49774351,S2-499755795,S2-511337725,S2-528310583,S2-541636548,S2-541750887,S2-568385282,S2-60871619,S2-615216022,S2-63797915,S2-64271083,S2-645851389,S2-661795667,S2-701119632,S2-757823503,S2-765802852,S2-789874976,S2-79611911,S2-806620029,S2-829983999,S2-867352859,S2-875915758,S2-944785745,S2-945842043,S2-954635741,S2-956840745,S2-962425485,S2-980594306,S2-992631178,S3-104568299,S3-12196530,S3-131267835,S3-148196630,S3-152773813,S3-155730100,S3-17270530,S3-186421274,S3-202128919,S3-226039642,S3-279116806,S3-337242321,S3-340992747,S3-345353189,S3-360685283,S3-365080405,S3-369130400,S3-382788563,S3-394527377,S3-398995508,S3-40564334,S3-406712878,S3-455215722,S3-459548097,S3-462756570,S3-490568871,S3-494684586,S3-505533915,S3-507203309,S3-553183996,S3-57932311,S3-647566168,S3-654279319,S3-67391078,S3-720531480,S3-743575962,S3-74621216,S3-770183234,S3-796763451,S3-858715667,S3-869085243,S3-870384311,S3-886923046,S3-90690135,S3-926615659,S3-932118065,S3-933463392,S3-934128108,S3-952859086,S3-972489892,S3-989436626,S3-994836709
S1-381177686	S2-107599668,S2-114682807,S2-212189707,S2-221008320,S2-268132944,S2-285950292,S2-286891768,S2-287849182,S2-290606494,S2-300329052,S2-311638132,S2-316590073,S2-318025254,S2-318760119,S2-319744931,S2-320602361,S2-339298331,S2-340713624,S2-354995381,S2-362305188,S2-378024681,S2-383148775,S2-389331257,S2-399052000,S2-41846596,S2-426754123,S2-438736699,S2-445300809,S2-4598824,S2-499627232,S2-505412477,S2-506507828,S2-507628391,S2-522363964,S2-530493518,S2-535256805,S2-538976068,S2-561420173,S2-580967499,S2-591314507,S2-594381269,S2-601475290,S2-620110385,S2-628121208,S2-655316441,S2-65623277,S2-667390221,S2-672674442,S2-67456737,S2-6762534,S2-682538932,S2-708159493,S2-708727646,S2-710539502,S2-713633959,S2-715905554,S2-740739672,S2-744018700,S2-749893962,S2-751803215,S2-766311908,S2-772633753,S2-789450335,S2-795284924,S2-806902783,S2-807350147,S2-807872703,S2-808715434,S2-815268224,S2-831449937,S2-833227760,S2-834955077,S2-845573432,S2-851203163,S2-852526391,S2-864873698,S2-867362469,S2-896104470,S2-896696403,S2-899912281,S2-901974545,S2-913818679,S2-924136235,S2-937720083,S2-953815479,S2-954179493,S2-956118564,S2-967170300,S2-974796269,S2-984241859,S2-994558157,S3-314775391,S3-351585250,S3-380551129,S3-553102403,S3-555637500,S3-815012856,S3-87595471,S3-88669772,S3-979530754
S1-385338713	S2-110778219,S2-114200915,S2-149550360,S2-18419358,S2-229956555,S2-24242828,S2-245291586,S2-272923611,S2-351870381,S2-355235944,S2-358791502,S2-373089258,S2-376372110,S2-384266079,S2-408685566,S2-430728799,S2-444213826,S2-500948372,S2-526370185,S2-534420283,S2-539134456,S2-541636548,S2-570024514,S2-592836534,S2-59782346,S2-59931998,S2-612759814,S2-613886186,S2-682196710,S2-699074234,S2-699650823,S2-700580113,S2-72883532,S2-729041067,S2-743206867,S2-745165633,S2-754454230,S2-788967388,S2-815683978,S2-823255552,S2-825207939,S2-828947992,S2-876545329,S2-892367472,S2-91150407,S2-926207350,S2-965852283,S2-972185378,S2-979750720,S3-112431998,S3-120271062,S3-127943598,S3-136499130,S3-155730100,S3-161068526,S3-167052916,S3-193962129,S3-215772395,S3-257773351,S3-259406648,S3-305202253,S3-323153716,S3-324820153,S3-356187986,S3-368084820,S3-395169745,S3-398995508,S3-401432786,S3-47684365,S3-485929052,S3-518125467,S3-57620025,S3-593842190,S3-59474892,S3-59504831,S3-615063963,S3-651240640,S3-687851235,S3-719762271,S3-809966337,S3-82304919,S3-846531212,S3-90821650,S3-91524090,S3-927535460,S3-939639201,S3-960842866,S3-969205453
S1-391248994	S2-134139195,S2-189066909,S2-191217718,S2-195899758,S2-22958782,S2-23933178,S2-252043167,S2-262351654,S2-266007614,S2-295538910,S2-296457382,S2-298448326,S2-300679781,S2-31517803,S2-318587615,S2-332356681,S2-342852557,S2-348193018,S2-353688026,S2-381795636,S2-389032254,S2-398858701,S2-402644725,S2-410097904,S2-41623697,S2-432303096,S2-484680744,S2-486832341,S2-506507828,S2-524633617,S2-529870007,S2-543864390,S2-550372217,S2-564667633,S2-569860965,S2-576180363,S2-585786962,S2-588828600,S2-591712282,S2-59450333,S2-623598119,S2-625086170,S2-638248621,S2-647768635,S2-648006121,S2-670948516,S2-675303492,S2-702520989,S2-70549943,S2-706043760,S2-714477528,S2-716981186,S2-75437241,S2-762965090,S2-763578587,S2-778282262,S2-789302288,S2-792671702,S2-820150442,S2-825374035,S2-828703779,S2-847408459,S2-849418701,S2-865745597,S2-88205041,S2-882810973,S2-883208836,S2-8982199,S2-911750057,S2-922445381,S2-942134801,S2-955730734,S2-956520344,S2-95741945,S2-957582505,S2-958554600,S2-977886223,S3-130299533,S3-154798586,S3-165498730,S3-209235387,S3-250590475,S3-279044583,S3-364958695,S3-365231906,S3-373956991,S3-483125038,S3-545685534,S3-578151888,S3-639374911,S3-675016446,S3-756290760,S3-803675521,S3-830387454,S3-832957591,S3-874566744,S3-884606889,S3-886408025,S3-93402322,S3-936344337
S1-401836525	S2-101868185,S2-117754693,S2-141712711,S2-146516261,S2-148289960,S2-151722874,S2-155894024,S2-158768206,S2-172980805,S2-182743306,S2-206820667,S2-230979889,S2-244270045,S2-274640549,S2-284461674,S2-288111512,S2-295937505,S2-299640307,S2-308390109,S2-348422153,S2-35788794,S2-363756741,S2-372202978,S2-382377359,S2-384114386,S2-386965330,S2-38839585,S2-39527162,S2-421755668,S2-441754781,S2-457286391,S2-46777321,S2-47319572,S2-474346550,S2-488848012,S2-51977302,S2-526927807,S2-557528895,S2-557582468,S2-566776776,S2-598096635,S2-598476409,S2-599893081,S2-617973037,S2-628089349,S2-642060409,S2-643103064,S2-656595799,S2-66825374,S2-685496471,S2-700179569,S2-726436479,S2-728626903,S2-728748032,S2-734223522,S2-735364622,S2-737376668,S2-762638297,S2-807472221,S2-829337272,S2-831406355,S2-838999180,S2-845577049,S2-868803937,S2-890585514,S2-894693263,S2-903418291,S2-913395329,S2-933085923,S2-945494616,S2-976646126,S2-978971511,S2-98888714,S3-112320676,S3-121902719,S3-184503228,S3-243926790,S3-248758767,S3-268816588,S3-306819534,S3-326049086,S3-382027490,S3-38487246,S3-429535759,S3-436133819,S3-452504277,S3-580594311,S3-601799150,S3-608530905,S3-624812593,S3-633147230,S3-688824274,S3-698457253,S3-711955541,S3-753489692,S3-762152673,S3-788554325,S3-825986603,S3-830578375,S3-995288766
S1-404124513	S2-240299620,S2-287956321,S2-355710074,S2-495721928,S2-497985428,S2-568874744,S2-601475290,S2-622033492,S2-670055800,S2-682413899,S2-721330697,S2-806324381,S2-898456684,S2-922458093,S2-927122114,S2-933443809,S3-380246189,S3-389697271,S3-416825807,S3-555507952,S3-571639365,S3-635420112,S3-644688469,S3-678876952,S3-702183940,S3-764949655,S3-774747425,S3-775086097,S3-776708025,S3-878342271,S3-964728800
S1-404435514	S2-113964806,S2-130167276,S2-161956716,S2-186861348,S2-197493885,S2-207860960,S2-208666780,S2-275659184,S2-283110219,S2-307665672,S2-314512553,S2-321033055,S2-351277453,S2-351870381,S2-367535874,S2-390974534,S2-400521955,S2-407963448,S2-416625657,S2-4212061,S2-427764935,S2-434100739,S2-45233168,S2-476753105,S2-498134193,S2-503846495,S2-507539851,S2-51043049,S2-519912199,S2-537317925,S2-556451,S2-57777878,S2-578741135,S2-59846669,S2-606391701,S2-609904737,S2-610110921,S2-658756966,S2-667255053,S2-672080705,S2-736612514,S2-74892125,S2-809944101,S2-854590041,S2-859192618,S2-884900770,S2-944488484,S2-947982066,S3-105718650,S3-114834903,S3-15503348,S3-160658853,S3-168304374,S3-170629319,S3-209295848,S3-222393928,S3-224435213,S3-226093140,S3-235595185,S3-245709964,S3-27899482,S3-297571113,S3-316039083,S3-323445093,S3-376084038,S3-376343258,S3-382932672,S3-391699042,S3-428236051,S3-459298427,S3-46974937,S3-484526199,S3-489842717,S3-55281841,S3-556312507,S3-603040209,S3-629503018,S3-632270872,S3-637335642,S3-671162755,S3-676931503,S3-69061992,S3-712136929,S3-749089267,S3-774405064,S3-778721504,S3-792191384,S3-812651193,S3-833742494,S3-83374678,S3-840014001,S3-840766331,S3-846735315,S3-878823656,S3-87965512,S3-911991670,S3-942170787,S3-967430285,S3-984897726,S3-996445671
S1-406655545	S2-12212786,S2-154655572,S2-169597264,S2-179524589,S2-192695882,S2-211872713,S2-216470228,S2-25954937,S2-280726094,S2-284414256,S2-285476252,S2-287740185,S2-29658224,S2-305508408,S2-335124172,S2-337546861,S2-377809075,S2-40008757,S2-429558085,S2-433317994,S2-475793028,S2-498620696,S2-514970066,S2-527422854,S2-542402013,S2-561353544,S2-565073472,S2-571416279,S2-588828600,S2-594381269,S2-618275000,S2-62697433,S2-642445801,S2-674028684,S2-678818787,S2-699190345,S2-708727646,S2-714477528,S2-735885703,S2-739603930,S2-747473857,S2-758188088,S2-777642350,S2-797039725,S2-816504980,S2-828872229,S2-832324901,S2-833227760,S2-855048394,S2-86043592,S2-867204681,S2-878639783,S2-883003463,S2-88312221,S2-901660546,S2-903446816,S2-911831773,S2-936884379,S2-955285209,S2-956118564,S2-970558196,S3-119777987,S3-121756813,S3-145777193,S3-164166409,S3-189513029,S3-212534587,S3-213712532,S3-275349290,S3-29284590,S3-386654363,S3-427285965,S3-445901533,S3-477158581,S3-479236077,S3-520785397,S3-53506436,S3-53737228,S3-541774476,S3-560301253,S3-570627373,S3-603860765,S3-610339898,S3-648552797,S3-650244808,S3-681024247,S3-753125827,S3-766461982,S3-820598415,S3-83727805,S3-887061839,S3-895567106,S3-931705895,S3-932336301,S3-942152201,S3-944045977,S3-953974076,S3-957131208,S3-96599439,S3-983937391
S1-410228098	S2-113062198,S2-119903487,S2-123816963,S2-133129336,S2-137787594,S2-142314444,S2-153046971,S2-16285602,S2-166760851,S2-180137597,S2-184493201,S2-204105729,S2-229183845,S2-254668576,S2-26081285,S2-26146130,S2-266604924,S2-277887548,S2-295166340,S2-301219117,S2-302989296,S2-309561640,S2-350800937,S2-364820336,S2-365146592,S2-368767908,S2-381212418,S2-385788104,S2-398570650,S2-426632654,S2-4388688,S2-452180384,S2-471350069,S2-488956093,S2-49040855,S2-507670807,S2-516693251,S2-518525663,S2-520168735,S2-522765481,S2-53307893,S2-534814066,S2-541690134,S2-565470081,S2-572650198,S2-593940594,S2-597069180,S2-622773844,S2-644074711,S2-649805024,S2-660850243,S2-667267135,S2-669243863,S2-669332876,S2-674272467,S2-678097658,S2-679037086,S2-681384833,S2-684521067,S2-698397191,S2-708048466,S2-731649105,S2-745068457,S2-751383916,S2-751749898,S2-758355577,S2-775563537,S2-790554931,S2-793965607,S2-803596169,S2-808293831,S2-813353210,S2-818696988,S2-82087450,S2-824072393,S2-853595597,S2-856662947,S2-8628890,S2-869229747,S2-879985689,S2-881915924,S2-888108239,S2-906912129,S2-927892417,S2-94895211,S2-954715854,S2-972200607,S2-972392656,S2-973978023,S2-987501888,S3-114672,S3-142747112,S3-297267219,S3-329481615,S3-356976275,S3-463002835,S3-599755648,S3-742318382,S3-781778854,S3-81212547
S1-411592446	S2-109132102,S2-121378391,S2-186594160,S2-18669306,S2-187800389,S2-201089624,S2-20799819,S2-210644184,S2-224980295,S2-231732832,S2-238035206,S2-239849482,S2-252660172,S2-279994068,S2-299891519,S2-349384633,S2-370549501,S2-371437571,S2-375174349,S2-383575628,S2-421878145,S2-448726234,S2-46603140,S2-474118498,S2-488406580,S2-491442435,S2-491497761,S2-500075232,S2-524650056,S2-541695985,S2-594414847,S2-631023630,S2-637325334,S2-638179537,S2-681221227,S2-686378507,S2-70236447,S2-713633959,S2-724525585,S2-725764342,S2-727570982,S2-763045315,S2-765966940,S2-79488526,S2-817188751,S2-818303488,S2-864905500,S2-866879324,S2-888007637,S2-899383715,S2-925486917,S2-965053677,S2-967976456,S2-986189127,S3-106983444,S3-152530789,S3-15546111,S3-206073073,S3-216873377,S3-232726163,S3-235318794,S3-261977206,S3-303805567,S3-305953069,S3-326049883,S3-327012384,S3-376545757,S3-401809170,S3-403795931,S3-406500986,S3-432970517,S3-461941937,S3-510646420,S3-522855835,S3-532067831,S3-551778816,S3-57921991,S3-582655873,S3-613233158,S3-615929632,S3-633337298,S3-635258592,S3-711600788,S3-745660870,S3-750084078,S3-755650709,S3-786606794,S3-799199666,S3-803003378,S3-820473898,S3-840833306,S3-842400377,S3-849504316,S3-855606547,S3-877831964,S3-888959629,S3-911859927,S3-92002948,S3-962586492,S3-972224121
S1-423126373	S2-100875169,S2-122336163,S2-149370940,S2-158399201,S2-179428740,S2-191007167,S2-222268100,S2-231202008,S2-231622146,S2-263365363,S2-307709577,S2-353393611,S2-353716542,S2-367235333,S2-376199111,S2-388604867,S2-432337497,S2-438235722,S2-459270736,S2-476737109,S2-481816831,S2-492786272,S2-504505275,S2-517606185,S2-565073472,S2-566882323,S2-609856602,S2-612031052,S2-614982030,S2-633681499,S2-640542998,S2-656668877,S2-660027180,S2-665553562,S2-682742281,S2-707360107,S2-773208378,S2-802208598,S2-833591292,S2-860238547,S2-860534246,S2-914904844,S2-923647134,S2-953037948,S2-954365821,S2-970086856,S2-975804629,S2-99859010,S3-12354909,S3-126852625,S3-174613027,S3-174713586,S3-207949631,S3-211993549,S3-220164891,S3-224268783,S3-250590475,S3-277519127,S3-28430063,S3-30581895,S3-314980890,S3-328637777,S3-373287337,S3-380471053,S3-397909915,S3-436824981,S3-445971990,S3-447250647,S3-459163116,S3-47523244,S3-476407690,S3-510960220,S3-51639135,S3-551114082,S3-588213312,S3-648845310,S3-665744184,S3-686622408,S3-709963397,S3-710553476,S3-716416545,S3-766461982,S3-768107592,S3-768378758,S3-773959162,S3-780959598,S3-788841289,S3-823572641,S3-831053278,S3-862466377,S3-865044079,S3-880797128,S3-882605073,S3-899348640,S3-917203880,S3-928420819,S3-942412138,S3-96530817,S3-970258305,S3-994292654
S1-42643591	S2-107389460,S2-142031060,S2-143169604,S2-170660807,S2-178971361,S2-199425487,S2-228099450,S2-237742880,S2-246994015,S2-333794564,S2-338507709,S2-349287094,S2-399683520,S2-440176607,S2-481251825,S2-488548827,S2-509796777,S2-512382393,S2-555218099,S2-570006860,S2-581736659,S2-627798015,S2-639356384,S2-640493688,S2-645790993,S2-661038461,S2-668860670,S2-694912941,S2-699029532,S2-733608770,S2-799102186,S2-840169179,S2-903223182,S2-905737147,S2-947498857,S2-954365821,S2-981143195,S2-981550471,S3-123569381,S3-12777054,S3-140276872,S3-159152133,S3-17281055,S3-177283783,S3-18489640,S3-192730384,S3-196226302,S3-204460568,S3-220164891,S3-222667139,S3-226018212,S3-228506082,S3-236081788,S3-325884942,S3-328017872,S3-343346488,S3-352199260,S3-359713624,S3-380739973,S3-389563784,S3-392750718,S3-417971037,S3-438023181,S3-44459156,S3-470583484,S3-501384057,S3-545470703,S3-580402624,S3-590167657,S3-591262107,S3-591888937,S3-610863213,S3-619649704,S3-621565675,S3-627197188,S3-672305699,S3-721431459,S3-738596808,S3-789000078,S3-82291398,S3-84843350,S3-851691638,S3-85183848,S3-854413822,S3-859913493,S3-862327751,S3-863359627,S3-872438302,S3-881224789,S3-900629165,S3-92354811,S3-92624949,S3-928420819,S3-944799506,S3-956016290,S3-962335924,S3-969534231,S3-976350035,S3-986500464,S3-996148594
S1-451077707	S2-112702161,S2-132188730,S2-159289810,S2-173342241,S2-179751359,S2-189095899,S2-19632414,S2-196996305,S2-203594124,S2-223117200,S2-232433211,S2-243275454,S2-263225599,S2-26875061,S2-344085581,S2-350847418,S2-435735384,S2-443308287,S2-457918727,S2-465364488,S2-483055121,S2-508663035,S2-540844985,S2-577725298,S2-577773321,S2-585744040,S2-587009456,S2-596131490,S2-609767527,S2-634261344,S2-665170074,S2-666690906,S2-679190243,S2-685264609,S2-701497045,S2-704775466,S2-722239453,S2-728422222,S2-735731880,S2-737441748,S2-738229447,S2-740739672,S2-768494295,S2-819337128,S2-888124266,S2-888911540,S2-912872620,S2-934798050,S2-938820431,S2-950698767,S2-974852348,S2-976390618,S2-982675930,S2-985441801,S3-119398022,S3-134567258,S3-141501638,S3-15537911,S3-16154425,S3-170291721,S3-191185516,S3-212813105,S3-24160002,S3-264895079,S3-278426099,S3-315993616,S3-338036421,S3-358313364,S3-40766644,S3-416477058,S3-445045809,S3-449264431,S3-492681728,S3-506726696,S3-513238875,S3-518380273,S3-556639312,S3-575525905,S3-578139007,S3-609804906,S3-620281695,S3-63144932,S3-683215378,S3-720876363,S3-722279137,S3-750540252,S3-754019877,S3-766405539,S3-774345900,S3-811080315,S3-813632089,S3-836860755,S3-848775859,S3-888667287,S3-897457543,S3-909228297,S3-91027696,S3-928353169,S3-983356469
S1-451464552	S2-108313987,S2-108945591,S2-120369605,S2-124114364,S2-133308166,S2-16260387,S2-170729594,S2-182921717,S2-189066909,S2-190103142,S2-200626985,S2-216470228,S2-219133326,S2-224032436,S2-232784264,S2-238957038,S2-26760280,S2-271901025,S2-30830908,S2-314165942,S2-320813125,S2-34671123,S2-360326943,S2-36165230,S2-363779880,S2-371437571,S2-379118065,S2-383575628,S2-396009333,S2-397718123,S2-428097788,S2-436225620,S2-43862945,S2-466142484,S2-475326292,S2-494430593,S2-496438430,S2-512133127,S2-520769631,S2-521665381,S2-536231721,S2-539066227,S2-54330610,S2-559827120,S2-560263186,S2-574487035,S2-57473027,S2-584202014,S2-591821621,S2-609895919,S2-621473436,S2-640571137,S2-6530182,S2-659006722,S2-660319857,S2-667994425,S2-675076934,S2-687617807,S2-711514278,S2-725878569,S2-731682240,S2-732707735,S2-735885703,S2-770435205,S2-790231810,S2-792073969,S2-798604219,S2-818687100,S2-820645328,S2-851147060,S2-85163295,S2-853399841,S2-877479417,S2-886359416,S2-907018183,S2-91305348,S2-92393326,S2-96826049,S2-971652107,S2-975896498,S2-981307302,S2-988123906,S2-993991209,S3-203948842,S3-218797269,S3-257823186,S3-267245809,S3-301710722,S3-385262101,S3-480103214,S3-492057419,S3-51925342,S3-627109196,S3-721333570,S3-731412858,S3-805146789,S3-845012548,S3-847790890,S3-88515049,S3-958688639
S1-453223583	S2-112776236,S2-122147161,S2-136630789,S2-175113686,S2-181468156,S2-227644429,S2-252583951,S2-28360508,S2-352048387,S2-44100844,S2-507152762,S2-527521763,S2-548542163,S2-562773437,S2-576819625,S2-581685829,S2-609610674,S2-61232461,S2-61990010,S2-633941400,S2-638286465,S2-648528769,S2-675337805,S2-692229560,S2-773094602,S2-791990398,S2-794398379,S2-799792964,S2-827313615,S2-829598251,S2-83289127,S2-862956103,S2-872966114,S2-877659113,S2-88574479,S2-887857848,S2-89795624,S2-985772408,S2-995109858,S3-109678103,S3-159486451,S3-25070618,S3-25387578,S3-289481981,S3-296391726,S3-351585250,S3-35909291,S3-359902298,S3-386466640,S3-388818866,S3-395409152,S3-421416518,S3-442792481,S3-443192622,S3-461936429,S3-511718869,S3-519402682,S3-535837853,S3-600948863,S3-626777483,S3-742577705,S3-755825205,S3-788659635,S3-820003230,S3-829638705,S3-839213014,S3-853324144,S3-855834042,S3-860382946,S3-879456625,S3-881433812,S3-884563476,S3-886330332,S3-942618640,S3-952375863,S3-965092183,S3-984908683
S1-453939454	S2-103820926,S2-104836810,S2-122570602,S2-138709772,S2-145521404,S2-147364644,S2-16079282,S2-169988993,S2-176968531,S2-180809434,S2-199669656,S2-209549510,S2-254584940,S2-263085427,S2-287872643,S2-303682581,S2-312125729,S2-315927317,S2-316509432,S2-330880608,S2-358183733,S2-385546967,S2-387028715,S2-38917398,S2-401417353,S2-409672248,S2-416532201,S2-447033408,S2-450032334,S2-45671081,S2-456957169,S2-457500956,S2-500481645,S2-512538748,S2-535762772,S2-538255489,S2-55434341,S2-574579190,S2-574914445,S2-581361436,S2-584060916,S2-586812390,S2-589082789,S2-638208758,S2-686839872,S2-68836611,S2-716687956,S2-716961117,S2-734993182,S2-740211601,S2-742149781,S2-743951385,S2-758562449,S2-774596915,S2-775257870,S2-779023955,S2-782577678,S2-835342793,S2-863250621,S2-866650875,S2-874354006,S2-904727112,S2-904858604,S2-922477258,S2-92868774,S2-931607563,S2-933993678,S2-93459822,S2-938114968,S2-94135068,S2-941759992,S2-957417654,S2-962605751,S2-966966606,S2-971746850,S2-972109364,S2-991285925,S2-999927060,S3-132991261,S3-138134300,S3-162705986,S3-164356826,S3-164402840,S3-184084358,S3-218697615,S3-270062152,S3-339872570,S3-513704819,S3-55862384,S3-604393808,S3-682888038,S3-689176872,S3-701434083,S3-729430213,S3-781754949,S3-929472406,S3-93836332,S3-958000113,S3-983769284,S3-985557124
S1-464309352	S2-13056162,S2-132955817,S2-14614633,S2-188229710,S2-236012541,S2-261460413,S2-289405713,S2-310730846,S2-35730864,S2-370892711,S2-379349723,S2-384350223,S2-388604867,S2-436120738,S2-444238695,S2-455830760,S2-460277116,S2-476751021,S2-477993186,S2-494755154,S2-513518045,S2-528205184,S2-537495258,S2-554314129,S2-583740314,S2-599774274,S2-619277617,S2-629185876,S2-638223002,S2-670055800,S2-701787316,S2-702084214,S2-746133628,S2-754301627,S2-767465108,S2-770422756,S2-773180947,S2-791856232,S2-797821871,S2-79804768,S2-818687100,S2-820530357,S2-821234111,S2-827740014,S2-838242461,S2-865536572,S2-865745597,S2-880909908,S2-906311698,S2-923398993,S2-923469909,S2-927296926,S2-93445744,S2-95090414,S3-102918866,S3-159853730,S3-194312432,S3-217363410,S3-287053737,S3-292118189,S3-301807426,S3-324639997,S3-335639749,S3-355389817,S3-372895519,S3-38290198,S3-389465162,S3-428603478,S3-445568002,S3-463439690,S3-46521243,S3-475718607,S3-48424246,S3-487917820,S3-490112697,S3-494523969,S3-49624903,S3-505686070,S3-521283666,S3-544984497,S3-561046732,S3-594739426,S3-63717937,S3-672305699,S3-682003925,S3-71120281,S3-725113768,S3-764146519,S3-782147692,S3-788583320,S3-831517986,S3-842131954,S3-854429557,S3-855136806,S3-864168787,S3-886688931,S3-916244369,S3-933038091,S3-942781665,S3-957168133
S1-464518977	S2-139186034,S2-139219752,S2-169788078,S2-237963672,S2-249179392,S2-295389387,S2-296272902,S2-32606962,S2-341288100,S2-383799188,S2-430929964,S2-468900952,S2-523889861,S2-52629227,S2-606108952,S2-727014804,S2-72944171,S2-828612033,S2-84848327,S2-888108809,S2-949590465,S2-951855357,S2-963464614,S3-147879885,S3-154475128,S3-180752829,S3-185938580,S3-189050159,S3-232470673,S3-245232489,S3-263782707,S3-268971856,S3-286690553,S3-287551957,S3-295921467,S3-298072626,S3-332058498,S3-333640124,S3-393836488,S3-398789248,S3-413690069,S3-443095133,S3-504984855,S3-533225474,S3-554241945,S3-584191562,S3-58834153,S3-589966919,S3-63972769,S3-671888534,S3-682695127,S3-688512382,S3-702050618,S3-705754461,S3-711961682,S3-752263296,S3-755237702,S3-759621975,S3-762035043,S3-790537219,S3-807334664,S3-875899578,S3-902859371,S3-905200097,S3-926620838,S3-928852337,S3-962832147,S3-977003810,S3-979800483
S1-464529384	S2-108388778,S2-110322424,S2-146147122,S2-16423658,S2-167006115,S2-179164897,S2-180447643,S2-187499079,S2-200688590,S2-218886187,S2-225823147,S2-228917785,S2-263365363,S2-268077236,S2-291578209,S2-29844340,S2-303490292,S2-316856729,S2-347959563,S2-350282497,S2-360831214,S2-378780545,S2-384700865,S2-388327795,S2-416296389,S2-420997897,S2-43505201,S2-444794612,S2-446206435,S2-498830657,S2-503603114,S2-528329037,S2-536900454,S2-550772019,S2-55400631,S2-555401643,S2-573474102,S2-592423112,S2-596517091,S2-62432070,S2-641217477,S2-64301738,S2-654410059,S2-670063164,S2-681427074,S2-726906183,S2-73710322,S2-743465196,S2-776754812,S2-779806265,S2-799919681,S2-802651416,S2-825374035,S2-828872229,S2-848400161,S2-864905500,S2-873808082,S2-899099654,S2-906665240,S2-913976206,S2-927293183,S2-946955701,S2-960640284,S2-98077886,S2-984241859,S2-98483750,S2-989899973,S2-993221227,S3-120412767,S3-154471177,S3-164307925,S3-179738152,S3-18656005,S3-192736985,S3-197329537,S3-216530787,S3-349110144,S3-362030854,S3-368129939,S3-375678805,S3-509976743,S3-536248614,S3-587277261,S3-58973096,S3-591888937,S3-60355966,S3-64507080,S3-646337742,S3-686151313,S3-697673449,S3-746911833,S3-761335890,S3-807684694,S3-813959482,S3-854301955,S3-880405318,S3-945691973,S3-948794548,S3-952781206,S3-985485366
S1-465082733	S2-134139195,S2-136305349,S2-189066909,S2-191217718,S2-195899758,S2-22958782,S2-23933178,S2-252043167,S2-262351654,S2-266007614,S2-290605490,S2-295538910,S2-296457382,S2-298448326,S2-300679781,S2-31517803,S2-318587615,S2-332356681,S2-342852557,S2-348193018,S2-353688026,S2-381795636,S2-389032254,S2-398858701,S2-402644725,S2-410097904,S2-41623697,S2-432303096,S2-444317957,S2-484680744,S2-486832341,S2-506507828,S2-524633617,S2-529870007,S2-543864390,S2-550372217,S2-5514738,S2-564667633,S2-569860965,S2-576180363,S2-585786962,S2-588828600,S2-591712282,S2-59450333,S2-623598119,S2-625086170,S2-638248621,S2-647768635,S2-648006121,S2-670948516,S2-675303492,S2-702520989,S2-70549943,S2-706043760,S2-714477528,S2-716981186,S2-75437241,S2-762965090,S2-763578587,S2-765966940,S2-778282262,S2-789302288,S2-792671702,S2-803300183,S2-820150442,S2-828703779,S2-847408459,S2-849418701,S2-862123983,S2-865745597,S2-88205041,S2-882810973,S2-883208836,S2-8982199,S2-911750057,S2-922445381,S2-942134801,S2-955730734,S2-956520344,S2-95741945,S2-957582505,S2-958554600,S2-977886223,S3-144488276,S3-225975341,S3-279044583,S3-306746497,S3-364958695,S3-37888261,S3-414811734,S3-483125038,S3-545685534,S3-639374911,S3-754019877,S3-784986936,S3-803675521,S3-829638705,S3-830387454,S3-864976357,S3-884606889
S1-469535575	S2-102533471,S2-292719735,S2-296919238,S2-324101411,S2-392398825,S2-433513855,S2-561317555,S2-603505859,S2-660708598,S2-73109411,S2-817371882,S3-210897239,S3-22190771,S3-302236977,S3-478151124,S3-49238100,S3-509285793,S3-625040554,S3-660029267,S3-718021112,S3-755505402,S3-790397204,S3-842131954,S3-917038910
S1-474310615	S2-104836810,S2-145521404,S2-165538215,S2-169988993,S2-201174384,S2-218203548,S2-271542003,S2-279796611,S2-282245771,S2-302466524,S2-304711880,S2-316509432,S2-347731731,S2-387028715,S2-397175355,S2-397792450,S2-401408311,S2-450032334,S2-457500956,S2-512538748,S2-540762581,S2-551082031,S2-551537406,S2-574708301,S2-585455359,S2-59556650,S2-612793266,S2-635080550,S2-648126659,S2-661199976,S2-674339526,S2-675978490,S2-685027145,S2-706527843,S2-716961117,S2-7424072,S2-750055703,S2-757402261,S2-771496133,S2-772008314,S2-779023955,S2-8253948,S2-82663661,S2-840910100,S2-896303589,S2-928125078,S2-938743845,S2-947466256,S2-966966606,S3-107082368,S3-125142312,S3-132991261,S3-141056654,S3-143895263,S3-157163588,S3-164356826,S3-172346398,S3-224674065,S3-323278962,S3-334445,S3-345515342,S3-349047075,S3-369740190,S3-403556509,S3-430950003,S3-434348360,S3-442650749,S3-461693859,S3-474023151,S3-530889011,S3-56751236,S3-573282180,S3-576319293,S3-57932311,S3-666418176,S3-682888038,S3-70463377,S3-709530866,S3-710881528,S3-723226670,S3-728129783,S3-745383452,S3-756134280,S3-757540946,S3-760197667,S3-781754949,S3-787010949,S3-790347559,S3-80483400,S3-854596630,S3-885773098,S3-894996336,S3-901211819,S3-9208236,S3-93836332,S3-938992371,S3-940712731,S3-957500262,S3-98088570,S3-985557124
S1-47431587	S2-240684112,S2-276971195,S2-369177020,S2-377895888,S2-396171132,S2-406972328,S2-408860220,S2-409085279,S2-462402897,S2-48155086,S2-484000484,S2-491719252,S2-546876069,S2-560445859,S2-646194645,S2-65655043,S2-709976634,S2-733777086,S2-785305938,S2-820998599,S2-847374839,S2-863003170,S2-867398481,S2-879472043,S2-885699604,S2-892866501,S2-92265599,S2-960600904,S2-962694173,S3-121932172,S3-126852614,S3-167174117,S3-17542181,S3-196724213,S3-210822178,S3-232618841,S3-25110901,S3-315861895,S3-347799178,S3-372913405,S3-38574040,S3-450821651,S3-461708536,S3-524549693,S3-633536343,S3-674449298,S3-679707838,S3-700350216,S3-799631007,S3-813340618,S3-827611734,S3-847277069,S3-848370351,S3-863309977,S3-873018226,S3-891395251,S3-912374499,S3-927854915,S3-93762876,S3-984018192
S1-477162050	S2-101535200,S2-106102131,S2-106976296,S2-120060080,S2-192926861,S2-198163085,S2-20143885,S2-315957452,S2-31737486,S2-335983758,S2-358052714,S2-367970234,S2-401659012,S2-404870607,S2-456939835,S2-493601144,S2-497334025,S2-507724194,S2-520839915,S2-524633617,S2-544639758,S2-557049050,S2-56541596,S2-625604760,S2-628121208,S2-629880378,S2-636663664,S2-640835061,S2-673440236,S2-682005802,S2-694228270,S2-733608770,S2-737645923,S2-750215821,S2-767390221,S2-773180947,S2-786877627,S2-789519068,S2-79804768,S2-803376442,S2-854578384,S2-865878281,S2-899099654,S2-91315392,S2-916021995,S2-940988345,S2-960232886,S2-964646724,S2-997610957,S3-124389482,S3-126394672,S3-128062172,S3-144677180,S3-151433824,S3-156167226,S3-180757475,S3-188990247,S3-205903598,S3-223670730,S3-248412133,S3-25238211,S3-295619004,S3-328017872,S3-345739745,S3-359075824,S3-364674213,S3-377747035,S3-378748912,S3-425143395,S3-438860770,S3-471731074,S3-500977329,S3-50472874,S3-512723005,S3-52031147,S3-539742177,S3-54550217,S3-56535144,S3-576162444,S3-590165081,S3-63205747,S3-640911072,S3-712580616,S3-721292124,S3-728899156,S3-733562621,S3-768378758,S3-768741731,S3-775541854,S3-783434607,S3-78614365,S3-807957571,S3-837325352,S3-874149367,S3-875116109,S3-87530355,S3-878695229,S3-917852433,S3-970657539,S3-999593956
S1-483281264	S2-233800372,S2-324129652,S2-588470006,S2-69394310,S2-728351000,S2-778918176,S2-818959319,S2-841559580,S2-871160922,S2-891034312,S3-20882903,S3-264109030,S3-307736579,S3-325438653,S3-388131712,S3-418054616,S3-427113884,S3-458540615,S3-477839721,S3-533744601,S3-568037495,S3-601530978,S3-69707622,S3-718330596,S3-886539572,S3-909764371,S3-912738268,S3-921456166,S3-99604331
S1-483434064	S2-104858458,S2-131151726,S2-16801220,S2-207111255,S2-211872713,S2-256692563,S2-25954937,S2-280282431,S2-283874839,S2-284414256,S2-285476252,S2-287740185,S2-29658224,S2-305508408,S2-309819640,S2-335124172,S2-337546861,S2-343973262,S2-370175855,S2-394314645,S2-40008757,S2-420960738,S2-458680931,S2-476817426,S2-495721928,S2-514970066,S2-527422854,S2-542402013,S2-545969464,S2-561353544,S2-562696174,S2-565073472,S2-571416279,S2-575628512,S2-602423628,S2-609895919,S2-618275000,S2-62697433,S2-677943490,S2-678818787,S2-678889461,S2-732475629,S2-747473857,S2-749852939,S2-758188088,S2-796003110,S2-816504980,S2-853399841,S2-855048394,S2-867204681,S2-878639783,S2-883003463,S2-88312221,S2-886423991,S2-890456977,S2-903446816,S2-906665240,S2-911831773,S2-936884379,S2-955285209,S2-956118564,S3-119777987,S3-121756813,S3-145777193,S3-164166409,S3-189513029,S3-212534587,S3-213712532,S3-275349290,S3-29284590,S3-386654363,S3-427285965,S3-445901533,S3-477158581,S3-479236077,S3-520785397,S3-53506436,S3-53737228,S3-541774476,S3-560301253,S3-570627373,S3-603860765,S3-610339898,S3-648552797,S3-650244808,S3-681024247,S3-753125827,S3-766461982,S3-820598415,S3-83727805,S3-887061839,S3-895567106,S3-931705895,S3-932336301,S3-942152201,S3-944045977,S3-953974076,S3-957131208,S3-96599439,S3-983937391
S1-486510827	S2-114081967,S2-115402940,S2-1357189,S2-156725250,S2-167206756,S2-189066909,S2-238172285,S2-247341171,S2-25834199,S2-258613807,S2-261265559,S2-310422879,S2-363613489,S2-424537185,S2-517273370,S2-518561014,S2-533157941,S2-566882323,S2-573187884,S2-669787259,S2-675303492,S2-67662044,S2-699192907,S2-710539502,S2-739949685,S2-750812506,S2-761644899,S2-772959226,S2-776195784,S2-790978768,S2-794412447,S2-796462224,S2-81518288,S2-852526391,S2-877823257,S2-926938822,S2-9348220,S2-946825174,S2-960892569,S3-109319319,S3-125879756,S3-160584697,S3-172089780,S3-173955567,S3-180349922,S3-184381055,S3-18473496,S3-196184411,S3-202250044,S3-205903598,S3-219943584,S3-256374674,S3-275360323,S3-329109065,S3-347508780,S3-384269830,S3-385050346,S3-388245827,S3-407257627,S3-428677418,S3-443382036,S3-444566252,S3-452421911,S3-467984228,S3-474734451,S3-486237423,S3-514782841,S3-518770446,S3-531367980,S3-55894974,S3-568599054,S3-586356121,S3-610826510,S3-634869238,S3-662386166,S3-662401200,S3-667946064,S3-686151313,S3-700635683,S3-719758226,S3-736938555,S3-765772732,S3-767099175,S3-768107592,S3-782646865,S3-786260516,S3-788318847,S3-811047362,S3-845020977,S3-862949256,S3-868358615,S3-907745288,S3-91120493,S3-919681917,S3-931024362,S3-935762964,S3-942976164,S3-958173768,S3-994504542,S3-995285804
S1-491925427	S2-261633301,S2-320950403,S2-334286361,S2-411991773,S2-421560039,S2-514284196,S2-534682798,S2-650376618,S2-789154183,S3-176598328,S3-266446461,S3-268928209,S3-561673416,S3-600027350,S3-624733776,S3-642786048,S3-734111061,S3-747706719,S3-760307215,S3-948007609
S1-493124566	S2-122367876,S2-140036589,S2-15514991,S2-18124353,S2-232788938,S2-243076458,S2-326452445,S2-568814576,S2-586376607,S2-695329127,S2-815890566,S2-891950002,S2-990986170,S3-446493852,S3-485077669,S3-497990628,S3-528999942,S3-567284812,S3-583775589,S3-629247863,S3-696875685,S3-738622371,S3-77569017,S3-983814772
S1-498738124	S2-117511591,S2-129437880,S2-150634918,S2-165538215,S2-173714131,S2-184654292,S2-211286117,S2-221999414,S2-230803632,S2-242367010,S2-273999815,S2-28133845,S2-367076099,S2-370932433,S2-394645988,S2-395125869,S2-397789829,S2-398456093,S2-415177929,S2-417369823,S2-417443887,S2-430652707,S2-483436853,S2-502594473,S2-502709642,S2-515386320,S2-52421863,S2-526927807,S2-533780258,S2-537342965,S2-550771561,S2-556461621,S2-564433190,S2-596878321,S2-598985159,S2-612720340,S2-662221399,S2-684921133,S2-728052097,S2-754789254,S2-777279068,S2-777869205,S2-780153696,S2-784216641,S2-791255533,S2-791315401,S2-838309587,S2-848175214,S2-865651983,S2-87980826,S2-902172524,S2-906728606,S2-984055381,S2-998619333,S3-128939732,S3-162108197,S3-196626644,S3-201206588,S3-226695521,S3-272683622,S3-286324760,S3-290737087,S3-300452373,S3-313623455,S3-36224725,S3-3788020,S3-389939797,S3-395749895,S3-400257379,S3-435310695,S3-531535716,S3-53758355,S3-549729822,S3-581501509,S3-589164622,S3-60503220,S3-614161266,S3-686220330,S3-714140868,S3-729052913,S3-73030038,S3-742865853,S3-743366290,S3-754439009,S3-759723877,S3-76259746,S3-768137581,S3-77867037,S3-787435527,S3-790309241,S3-801115458,S3-832394517,S3-88206606,S3-909445473,S3-914554102,S3-924424132,S3-932408765,S3-937680294,S3-954979111,S3-96261217
S1-500552277	S2-115930,S2-179472644,S2-182998124,S2-210993421,S2-27257748,S2-276973587,S2-359746192,S2-598099137,S2-671132492,S2-676815762,S2-685991566,S2-728166595,S2-754868575,S2-76206961,S2-764573417,S2-843127481,S2-84875444,S2-851188807,S2-905568957,S2-950624709,S2-960258435,S2-975271190,S2-983318792,S2-986509901,S3-110965025,S3-113687455,S3-11638243,S3-146533201,S3-14845544,S3-164719340,S3-186784888,S3-197569200,S3-200038208,S3-20690720,S3-239273110,S3-252284978,S3-335672741,S3-338992248,S3-35368045,S3-380113067,S3-395397091,S3-41842064,S3-430070224,S3-442680990,S3-468708763,S3-499111004,S3-524099729,S3-532787826,S3-635194482,S3-727898564,S3-740573956,S3-747706719,S3-832484354,S3-863864793,S3-892875534,S3-910577277,S3-922145641,S3-930923939,S3-937526441,S3-949451146
S1-500998121	S2-106157657,S2-11389574,S2-114034226,S2-117695035,S2-162715785,S2-178117194,S2-198776059,S2-251445827,S2-253899387,S2-262281859,S2-276973587,S2-337295888,S2-376337834,S2-383833431,S2-515757442,S2-55950137,S2-589013466,S2-60230710,S2-603052709,S2-611448468,S2-654771613,S2-694945360,S2-799820557,S2-849078694,S2-8914613,S2-905223021,S2-934353177,S2-966460703,S2-989915116,S2-998394087,S3-114145564,S3-173470073,S3-192350762,S3-194513691,S3-198890539,S3-209159435,S3-214266452,S3-220072396,S3-230505052,S3-281069995,S3-347995049,S3-354096900,S3-360153786,S3-39946716,S3-439496655,S3-48201861,S3-496756565,S3-594368968,S3-62752212,S3-708812153,S3-75124013,S3-839247691,S3-890074162,S3-946101231,S3-951379828
S1-501296085	S2-101535200,S2-106102131,S2-106976296,S2-108388778,S2-120060080,S2-167006115,S2-192926861,S2-20143885,S2-228917785,S2-263365363,S2-268077236,S2-315957452,S2-335983758,S2-347959563,S2-350282497,S2-360831214,S2-367970234,S2-416296389,S2-420997897,S2-43505201,S2-456939835,S2-493601144,S2-497334025,S2-498830657,S2-503603114,S2-507724194,S2-520839915,S2-524633617,S2-528329037,S2-536900454,S2-544639758,S2-55400631,S2-56541596,S2-57299057,S2-573474102,S2-592423112,S2-625604760,S2-628121208,S2-629880378,S2-640835061,S2-641217477,S2-64301738,S2-681427074,S2-682005802,S2-694228270,S2-726906183,S2-73710322,S2-743465196,S2-750215821,S2-767390221,S2-776754812,S2-779806265,S2-786877627,S2-799919681,S2-848400161,S2-865878281,S2-873808082,S2-899099654,S2-91315392,S2-913976206,S2-927293183,S2-946955701,S2-960232886,S2-964646724,S2-989899973,S2-993221227,S3-120412767,S3-154471177,S3-164307925,S3-179738152,S3-18656005,S3-192736985,S3-197329537,S3-216530787,S3-25238211,S3-349110144,S3-362030854,S3-375678805,S3-424431238,S3-50472874,S3-509976743,S3-536248614,S3-587277261,S3-58973096,S3-591888937,S3-60355966,S3-642581792,S3-64507080,S3-646337742,S3-686151313,S3-697673449,S3-712580616,S3-746911833,S3-761335890,S3-807684694,S3-854301955,S3-880405318,S3-945691973,S3-948794548,S3-985485366
S1-506810298	S2-173774743,S2-195992599,S2-198192761,S2-208032106,S2-209017360,S2-251694915,S2-261063128,S2-286117575,S2-362663895,S2-379089587,S2-403422246,S2-43669064,S2-439072420,S2-477738467,S2-486149949,S2-509937094,S2-544796941,S2-553532706,S2-560656589,S2-584612049,S2-589485083,S2-606896577,S2-645563107,S2-684987989,S2-692209141,S2-701081521,S2-73256848,S2-744023378,S2-794764405,S2-864224511,S2-895860200,S2-928491301,S2-974985965,S2-990972332,S3-107322408,S3-1073919,S3-148196630,S3-192433027,S3-210506713,S3-257649776,S3-331491580,S3-343903154,S3-3502420,S3-358149718,S3-36051695,S3-378486857,S3-411681440,S3-438374195,S3-456162390,S3-493495254,S3-539206340,S3-554579834,S3-582950031,S3-590184812,S3-593510333,S3-596154478,S3-600153391,S3-607937307,S3-61337716,S3-633510675,S3-643066739,S3-649789789,S3-668127862,S3-67753424,S3-72313473,S3-727348639,S3-728902166,S3-801834379,S3-816210277,S3-82169339,S3-830654633,S3-839192400,S3-848817370,S3-898571578,S3-916524322,S3-940750099,S3-975532299,S3-976989011,S3-983042215
S1-509332273	S2-105898926,S2-109325381,S2-120443301,S2-156294327,S2-186918703,S2-202693598,S2-219010063,S2-22775099,S2-252989755,S2-253149229,S2-272524011,S2-346463221,S2-351773656,S2-361888395,S2-362329289,S2-390068896,S2-399292681,S2-411500333,S2-415319529,S2-415834554,S2-499529553,S2-534906411,S2-541563858,S2-552502978,S2-578267293,S2-592434907,S2-599195929,S2-635779822,S2-645121293,S2-680723758,S2-694064827,S2-737130440,S2-761932607,S2-795166346,S2-803262623,S2-867359249,S2-907307129,S2-915202445,S2-945085407,S2-958651557,S2-982202753,S2-983332474,S3-147564135,S3-15037422,S3-151513103,S3-204389002,S3-231875408,S3-242367256,S3-258631653,S3-3225700,S3-332361882,S3-340719059,S3-346209149,S3-36195653,S3-371159137,S3-377335510,S3-43443421,S3-460508523,S3-486237423,S3-499706924,S3-517304260,S3-589089722,S3-642082651,S3-717409784,S3-719510786,S3-73833776,S3-744952591,S3-759966122,S3-782236821,S3-818016200,S3-831988468,S3-841645808,S3-860243718,S3-887580850,S3-906460472,S3-908646887
S1-515548222	S2-101594242,S2-289255128,S2-392305098,S2-450847341,S2-575479656,S2-575990209,S2-590760279,S2-7194237,S2-741789915,S2-904702630,S3-246635042,S3-250747417,S3-289014362,S3-345240830,S3-360685283,S3-398098228,S3-442281007,S3-5725561,S3-58168673,S3-620455861,S3-63551095,S3-73676398,S3-768512027,S3-785106369,S3-799084647,S3-883651768,S3-980270798
S1-520290406	S2-102681747,S2-126670069,S2-146516261,S2-16171480,S2-210799457,S2-224682063,S2-251149385,S2-286020093,S2-39527162,S2-420605151,S2-422433942,S2-42657227,S2-433856366,S2-469774927,S2-471142391,S2-51977302,S2-611311903,S2-643103064,S2-651192805,S2-674339526,S2-692060905,S2-731998531,S2-740657082,S2-787289865,S2-807472221,S2-891714662,S2-912252732,S2-925476370,S2-948016596,S2-952144605,S3-106172674,S3-1091946,S3-128781977,S3-177555110,S3-204348270,S3-222783425,S3-249896785,S3-287008822,S3-303012024,S3-370382093,S3-454593673,S3-517490729,S3-543743185,S3-56254394,S3-570784629,S3-588394847,S3-655491086,S3-668392769,S3-693501927,S3-693577976,S3-696686438,S3-703439922,S3-723852119,S3-735702988,S3-779431529,S3-877672847,S3-904623483,S3-911530348,S3-955343285,S3-960871192,S3-981450473,S3-995288766
S1-520361644	S2-152211893,S2-247649261,S2-45233168,S2-554582702,S2-555762836,S2-570937015,S2-731676919,S2-809654334,S2-83607977,S2-874938733,S2-909847334,S2-950705478,S2-961324136,S2-979910605,S2-988228866,S3-114350819,S3-123047771,S3-128013337,S3-136113577,S3-174724189,S3-176939870,S3-235309393,S3-239592170,S3-247638757,S3-262381080,S3-564379014,S3-627361883,S3-673223808,S3-680443129,S3-760083985,S3-788081161,S3-816207931,S3-823972833,S3-836979296,S3-868996138
S1-520813789	S2-121874917,S2-222138949,S2-335124172,S2-364613622,S2-403569285,S2-431480388,S2-455209026,S2-609292694,S2-640542998,S2-834881400,S2-878639783,S2-91377268,S2-920481838,S2-921624110,S2-940089956,S3-211882578,S3-369804093,S3-456681564,S3-497680974,S3-610339898,S3-626325579,S3-655041468,S3-666970045,S3-767099175,S3-802473872,S3-927442050,S3-92974238,S3-953702547,S3-987704104
S1-52451029	S2-416832793,S2-569470441,S3-347852324,S3-355792538,S3-385934700,S3-441614742,S3-690376437,S3-723545264,S3-77145525
S1-530687623	S2-102838962,S2-157392665,S2-17984306,S2-222405868,S2-246142078,S2-247586165,S2-279167566,S2-280569668,S2-292248144,S2-307871979,S2-316728650,S2-348789755,S2-353920232,S2-362715401,S2-365096291,S2-367813838,S2-369937931,S2-403646565,S2-439046249,S2-449985406,S2-48947979,S2-522981953,S2-548353339,S2-555724821,S2-578299513,S2-579205794,S2-580478902,S2-583492953,S2-602150266,S2-607468220,S2-60995426,S2-610833438,S2-613343223,S2-61695206,S2-618461207,S2-62214818,S2-664222072,S2-666013661,S2-676211559,S2-688167820,S2-699781558,S2-716241994,S2-728997290,S2-760527250,S2-7717164,S2-804615322,S2-80952010,S2-812151277,S2-822714622,S2-829607124,S2-854459566,S2-876220008,S2-878448261,S2-908777030,S2-922243833,S2-93829291,S2-941175060,S2-950012781,S2-967448882,S2-97436758,S2-974438099,S2-989158977,S3-105968409,S3-112285724,S3-12064888,S3-141506690,S3-142897057,S3-14953240,S3-214948609,S3-226426166,S3-271524840,S3-28921631,S3-348889861,S3-360078449,S3-43191970,S3-434822540,S3-489672731,S3-500645,S3-501311979,S3-514740220,S3-530416481,S3-533594676,S3-550975295,S3-562636745,S3-630097790,S3-632184316,S3-663866449,S3-739509240,S3-739538201,S3-749089267,S3-75465587,S3-759954372,S3-763696279,S3-770665977,S3-855328569,S3-868297922,S3-883254327,S3-918793891,S3-947839153,S3-976003929
S1-533445371	S2-120121002,S2-150963853,S2-201067098,S2-218764611,S2-296554387,S2-299715087,S2-317560138,S2-323570916,S2-336619418,S2-34618919,S2-358321094,S2-434415837,S2-442114438,S2-446733641,S2-460517372,S2-479770402,S2-480576553,S2-511731036,S2-524983476,S2-572709510,S2-57718998,S2-577863409,S2-578442147,S2-579566857,S2-580023525,S2-593972570,S2-604893296,S2-605104022,S2-61854788,S2-656485627,S2-681314188,S2-717624523,S2-751012141,S2-795022161,S2-795622546,S2-821958363,S2-838012558,S2-841418687,S2-845562013,S2-845638237,S2-847252788,S2-921703620,S2-955100177,S2-958170210,S2-966937039,S2-98606663,S3-101883486,S3-102029592,S3-11516842,S3-123672416,S3-153095914,S3-15422768,S3-209203993,S3-251169031,S3-258209114,S3-25885234,S3-260429807,S3-418054616,S3-430134661,S3-462134232,S3-465606443,S3-482878436,S3-485575782,S3-567197218,S3-580769753,S3-624470841,S3-637975956,S3-642689971,S3-656473397,S3-670399400,S3-688770121,S3-726805583,S3-730500969,S3-73388581,S3-836123195,S3-85585669,S3-903861043,S3-931791820,S3-938958133,S3-973979833,S3-978142831,S3-9911992,S3-995408810
S1-538020889	S2-108945591,S2-114171211,S2-137904907,S2-200614839,S2-216470228,S2-236012541,S2-241102303,S2-259827865,S2-261566490,S2-270768375,S2-277830258,S2-314146870,S2-314165942,S2-317045809,S2-318025254,S2-318348932,S2-339288246,S2-346341564,S2-352654049,S2-353393611,S2-353688026,S2-363779880,S2-372789171,S2-379118065,S2-396009333,S2-398460096,S2-400942794,S2-402866161,S2-419358971,S2-434744134,S2-436652328,S2-442447046,S2-445245288,S2-445308752,S2-459540462,S2-462926227,S2-467915387,S2-475326292,S2-478352157,S2-485229042,S2-493219738,S2-526579863,S2-527521763,S2-534237463,S2-537781017,S2-542529670,S2-546869596,S2-557817036,S2-55950496,S2-56305726,S2-569860965,S2-570061558,S2-576180363,S2-594964349,S2-602602812,S2-609895919,S2-638798165,S2-640747746,S2-647618566,S2-653875888,S2-655316441,S2-655987074,S2-656749559,S2-719841911,S2-727414171,S2-784775419,S2-786578220,S2-789504087,S2-80136132,S2-807177950,S2-814528835,S2-82235070,S2-83700488,S2-838855944,S2-841034360,S2-84346183,S2-8577495,S2-865878281,S2-870058118,S2-891272346,S2-899383715,S2-928190294,S2-94269361,S2-942903224,S2-945161916,S2-959989216,S2-976390618,S2-977190617,S2-982950235,S2-991564992,S3-115180794,S3-131841806,S3-184029836,S3-285988877,S3-466337670,S3-696324312,S3-709143333,S3-711739757,S3-74072390,S3-945059269
S1-545601093	S2-111647224,S2-147409260,S2-217362609,S2-275825409,S2-321590109,S2-337971131,S2-367574642,S2-401408311,S2-444276474,S2-473508533,S2-495925546,S2-509940498,S2-594239501,S2-603057102,S2-689427508,S2-707693018,S2-709060721,S2-777515061,S2-804145580,S2-843738909,S2-862580655,S2-87932682,S2-885849296,S2-910325255,S2-980850745,S3-114069873,S3-194604082,S3-211620005,S3-239905502,S3-243186999,S3-256385375,S3-260410829,S3-264788430,S3-314870455,S3-329457026,S3-406009851,S3-426863285,S3-451137325,S3-463207567,S3-512898099,S3-515159749,S3-520573736,S3-536190981,S3-57220694,S3-689116174,S3-731788025,S3-768588558,S3-779869325,S3-806064314,S3-837331328,S3-874980615,S3-922094706,S3-922120934,S3-975310691
S1-545790155	S2-157392665,S2-161781122,S2-17984306,S2-229367535,S2-247586165,S2-259053443,S2-26081285,S2-280569668,S2-307871979,S2-316728650,S2-348789755,S2-353920232,S2-356636725,S2-362715401,S2-365096291,S2-367813838,S2-398070661,S2-400521955,S2-40758238,S2-438486989,S2-439046249,S2-492015688,S2-498279964,S2-498390029,S2-522981953,S2-548353339,S2-555724821,S2-574169392,S2-578299513,S2-583492953,S2-597069180,S2-607468220,S2-60995426,S2-61695206,S2-62214818,S2-625689341,S2-646080124,S2-646867412,S2-664222072,S2-669332876,S2-676211559,S2-677418969,S2-688167820,S2-699781558,S2-716241994,S2-728997290,S2-747466359,S2-760527250,S2-762033913,S2-776979128,S2-777625208,S2-780103150,S2-780354672,S2-78769581,S2-791315401,S2-804615322,S2-80952010,S2-829607124,S2-853595597,S2-854459566,S2-876220008,S2-884135049,S2-887037968,S2-902205396,S2-908249006,S2-908777030,S2-922243833,S2-93829291,S2-941175060,S2-94895211,S2-950012781,S2-97436758,S2-974438099,S3-110583986,S3-147183864,S3-184587904,S3-197424002,S3-256995092,S3-288442666,S3-32363117,S3-329481615,S3-342175660,S3-390470285,S3-420788477,S3-459474099,S3-468575966,S3-529012041,S3-539716111,S3-576383180,S3-638845108,S3-671891516,S3-676883344,S3-681591864,S3-771807288,S3-888365690,S3-891569942,S3-896931877,S3-906411275,S3-915146399,S3-952544550
S1-549011344	S2-130549409,S2-153334775,S2-204289763,S2-207084937,S2-218449904,S2-221622332,S2-252609304,S2-258299346,S2-2600373,S2-280435218,S2-32554056,S2-353655649,S2-405681592,S2-408616163,S2-428282271,S2-437903902,S2-439380937,S2-498196063,S2-499231127,S2-49942811,S2-538632880,S2-557744079,S2-578299513,S2-62214818,S2-639196886,S2-662107705,S2-676211559,S2-701376661,S2-744467012,S2-747793486,S2-760527250,S2-768716535,S2-800252422,S2-810557555,S2-817169651,S2-851657278,S2-861242079,S2-87583576,S2-881472586,S2-887987859,S2-909519831,S2-912309165,S2-922243833,S2-937509955,S3-201479203,S3-214151267,S3-226384310,S3-239262619,S3-241660299,S3-247453812,S3-27227983,S3-276168870,S3-286614192,S3-305740248,S3-31389340,S3-346689917,S3-352758621,S3-367065089,S3-367459696,S3-38080595,S3-381881724,S3-396785576,S3-421280042,S3-431369048,S3-44013376,S3-442650749,S3-447319371,S3-471237975,S3-471648636,S3-546216913,S3-553445919,S3-564846463,S3-577510868,S3-589224939,S3-611589346,S3-619352752,S3-626342566,S3-631981937,S3-637680655,S3-664791067,S3-666788789,S3-698704990,S3-722189206,S3-742169292,S3-742777523,S3-761059017,S3-78231225,S3-812006425,S3-825047582,S3-837981135,S3-845629343,S3-84965,S3-872190855,S3-883725070,S3-935472925,S3-955670193,S3-962811929,S3-983466333,S3-986898381,S3-988790472
S1-558129390	S2-139956244,S2-176727752,S2-179646239,S2-241866203,S2-273020422,S2-277032270,S2-303682581,S2-31854557,S2-319548402,S2-321432050,S2-331036957,S2-356466612,S2-371610389,S2-425348888,S2-480440023,S2-48216878,S2-501936753,S2-525900411,S2-575830624,S2-598759723,S2-612759814,S2-615690557,S2-635570289,S2-646314551,S2-678979190,S2-688377820,S2-765241928,S2-778859023,S2-784007294,S2-786934861,S2-824958414,S2-830394308,S2-906609960,S2-907504746,S2-937748112,S2-949826995,S2-962535505,S2-99534465,S3-179180087,S3-197850265,S3-21553648,S3-224828597,S3-239828372,S3-323641407,S3-330489203,S3-334660600,S3-348175421,S3-36016512,S3-404549545,S3-469339073,S3-511454146,S3-515401522,S3-615561499,S3-652425103,S3-654423808,S3-660160649,S3-686023876,S3-689811174,S3-722861779,S3-804253133,S3-848343146,S3-858389932,S3-882737548,S3-929919837,S3-932359658,S3-933920165,S3-938178581,S3-999306553
S1-558262132	S2-12708411,S2-133588971,S2-140620261,S2-149370940,S2-214625922,S2-234275905,S2-260788784,S2-268504009,S2-270443450,S2-299009362,S2-302148035,S2-306696462,S2-30847394,S2-315194363,S2-326621295,S2-357197766,S2-396009333,S2-399391347,S2-403608296,S2-427018,S2-439954450,S2-442723251,S2-488141050,S2-50513846,S2-556747559,S2-608615424,S2-628121208,S2-631415169,S2-672980284,S2-683438089,S2-685910881,S2-701990716,S2-717657453,S2-724654880,S2-743693753,S2-749893962,S2-75129136,S2-893853066,S2-950767443,S2-977564977,S3-102847807,S3-118169863,S3-129322340,S3-175600997,S3-208843677,S3-216014667,S3-238032780,S3-247770450,S3-277660743,S3-286263482,S3-32243185,S3-322668156,S3-372296511,S3-4185616,S3-426924730,S3-444102009,S3-462738389,S3-497840219,S3-504255965,S3-511558180,S3-541130242,S3-564883389,S3-565528166,S3-58707445,S3-600733701,S3-627281039,S3-652795729,S3-690560707,S3-692430080,S3-716647832,S3-753843594,S3-754801590,S3-769679912,S3-804462926,S3-833601043,S3-852268780,S3-885360896,S3-89489464,S3-93821763,S3-997274101
S1-559551054	S2-105423216,S2-119098033,S2-151664571,S2-153373866,S2-15802375,S2-158641226,S2-197943662,S2-230564787,S2-318217219,S2-358250901,S2-519697042,S2-522573289,S2-572147086,S2-576920398,S2-577863409,S2-632683905,S2-665981472,S2-711639132,S2-730036234,S2-735647694,S2-930351241,S2-950685803,S2-960600904,S2-994205937,S3-135187104,S3-146505109,S3-162862785,S3-218368023,S3-234416384,S3-248738800,S3-26325878,S3-268857827,S3-287026919,S3-343319651,S3-366235456,S3-366272198,S3-464246167,S3-495070967,S3-519350515,S3-527119420,S3-537292128,S3-587566349,S3-637420449,S3-683008637,S3-690962479,S3-790967150,S3-825243616,S3-826446103,S3-894720519,S3-903148056,S3-912809347,S3-938771846,S3-956339793,S3-958251888
S1-562163221	S2-119599096,S2-126113089,S2-147418558,S2-219242350,S2-277126355,S2-284721900,S2-292068607,S2-340084555,S2-379349723,S2-385150695,S2-424500950,S2-438490281,S2-438574331,S2-473358008,S2-520303819,S2-533323463,S2-544639758,S2-573351542,S2-598068208,S2-618260962,S2-643708783,S2-651025657,S2-66784231,S2-667994425,S2-702646757,S2-766311908,S2-827345339,S2-843374039,S2-876148854,S2-894087016,S2-913976206,S2-918743816,S2-941376701,S2-964292853,S2-982583721,S2-998981400,S3-111773423,S3-130445570,S3-181636536,S3-181942245,S3-1977697,S3-205138176,S3-211610563,S3-218187301,S3-218797269,S3-222417890,S3-241531576,S3-290348380,S3-308631150,S3-314588810,S3-338418443,S3-350293828,S3-354566450,S3-36819895,S3-375693806,S3-387902629,S3-390405009,S3-398983868,S3-413623444,S3-416414284,S3-435959093,S3-451526773,S3-462890982,S3-468693488,S3-471474165,S3-494523969,S3-496417238,S3-503202810,S3-517968732,S3-525487007,S3-526377158,S3-541726179,S3-559551680,S3-574716551,S3-595279293,S3-651527367,S3-685653126,S3-687882373,S3-702173778,S3-709853913,S3-741321466,S3-754879528,S3-778496967,S3-790711541,S3-802287986,S3-839886025,S3-845493653,S3-846429374,S3-863081424,S3-88515049,S3-889952425,S3-91439691,S3-926915543,S3-934752729,S3-945135312,S3-960249045,S3-971152355,S3-974428649,S3-975284064,S3-999220081
S1-563382731	S2-143974777,S2-153331897,S2-187142053,S2-201242204,S2-205518186,S2-303907719,S2-315193036,S2-341793407,S2-342983489,S2-364836333,S2-418612401,S2-442913376,S2-467959284,S2-475388932,S2-523103832,S2-557597855,S2-558588522,S2-573381633,S2-58750975,S2-594558458,S2-613711435,S2-63801241,S2-676208437,S2-719112862,S2-739723528,S2-742079417,S2-742088882,S2-752095280,S2-754518439,S2-798482339,S2-799428450,S2-800842086,S2-883286956,S2-924929045,S2-961025184,S3-101349689,S3-126841804,S3-131522411,S3-142999559,S3-191996452,S3-263150219,S3-267194279,S3-277577604,S3-329159812,S3-337070983,S3-340090296,S3-355542967,S3-383316097,S3-409983283,S3-444450554,S3-447101144,S3-458434092,S3-492400926,S3-505939839,S3-54483217,S3-560263302,S3-568182358,S3-574337045,S3-644247647,S3-656153720,S3-698776194,S3-702947953,S3-744430416,S3-773621644,S3-832296215,S3-85606801,S3-868923476,S3-930620189,S3-953545610
S1-564193651	S2-13436167,S2-18877748,S2-26238014,S2-289634981,S2-290064703,S2-299178737,S2-346653589,S2-346956814,S2-362668684,S2-364118949,S2-383027424,S2-396670936,S2-427850625,S2-434618903,S2-468075202,S2-473425954,S2-512060211,S2-561796765,S2-638460225,S2-667626322,S2-672734557,S2-688488177,S2-689070673,S2-711765755,S2-741581730,S2-817758424,S2-823109613,S2-849819552,S2-867614780,S2-884864726,S2-895944720,S2-941543174,S2-942555848,S2-980537150,S2-996737128,S2-999958634,S3-11638243,S3-171041392,S3-207848669,S3-237104313,S3-286882739,S3-335055914,S3-344334029,S3-378404825,S3-47344489,S3-502295925,S3-505982740,S3-513552561,S3-515138888,S3-53072578,S3-532787826,S3-561700344,S3-563636815,S3-567307491,S3-569210854,S3-578613511,S3-600956836,S3-612887966,S3-63942846,S3-669657460,S3-742308867,S3-754159143,S3-801213171,S3-836558912,S3-840596088,S3-855341463,S3-859317561,S3-878341529,S3-893698574,S3-905912041,S3-96383642,S3-967450305
S1-56629354	S2-114682807,S2-200433240,S2-212189707,S2-268132944,S2-285950292,S2-286891768,S2-287849182,S2-300329052,S2-311638132,S2-316590073,S2-318025254,S2-318760119,S2-319744931,S2-320602361,S2-339298331,S2-340713624,S2-342852557,S2-354995381,S2-362305188,S2-378024681,S2-383148775,S2-399052000,S2-41846596,S2-438736699,S2-445300809,S2-4598824,S2-49714549,S2-499627232,S2-505412477,S2-506507828,S2-507628391,S2-513937414,S2-522363964,S2-538976068,S2-574530624,S2-580967499,S2-591314507,S2-594381269,S2-601475290,S2-603258347,S2-612137673,S2-620110385,S2-628121208,S2-655316441,S2-65623277,S2-667390221,S2-672674442,S2-67456737,S2-682538932,S2-708159493,S2-708727646,S2-710539502,S2-713633959,S2-715905554,S2-740739672,S2-744018700,S2-749893962,S2-766311908,S2-770652512,S2-772633753,S2-789450335,S2-795284924,S2-798828414,S2-806902783,S2-807350147,S2-807872703,S2-808715434,S2-815268224,S2-831449937,S2-833227760,S2-834955077,S2-845573432,S2-851203163,S2-852526391,S2-864873698,S2-867362469,S2-887973943,S2-896696403,S2-899912281,S2-901974545,S2-913818679,S2-924136235,S2-937720083,S2-953815479,S2-954179493,S2-956118564,S2-974796269,S2-984241859,S2-985922221,S2-994558157,S3-214499657,S3-336933705,S3-403615825,S3-45722534,S3-580654791,S3-624173696,S3-777959800,S3-780213544,S3-83373495,S3-88619773
S1-569898026	S2-115642019,S2-161985758,S2-198044607,S2-232391244,S2-336854356,S2-384167895,S2-424068460,S2-425512460,S2-468128213,S2-59240430,S2-604984256,S2-605058974,S2-715416930,S2-74459032,S2-771467334,S2-824830299,S2-840099635,S2-867352859,S2-91565291,S2-960771041,S2-970885323,S2-9986119,S3-110361988,S3-146147364,S3-181913509,S3-221034372,S3-309100915,S3-328679124,S3-371584572,S3-38080595,S3-482665609,S3-488984319,S3-503631858,S3-536590274,S3-576890150,S3-66982480,S3-680484046,S3-68485664,S3-70704068,S3-723406086,S3-810410982,S3-838530453,S3-848836484,S3-868397091,S3-883301698,S3-936751977,S3-938151261
S1-570361411	S2-122147161,S2-175113686,S2-185388599,S2-185920568,S2-190698845,S2-243211584,S2-252583951,S2-26466375,S2-28360508,S2-30830908,S2-320718992,S2-388604867,S2-421975132,S2-44100844,S2-501890286,S2-505412477,S2-507152762,S2-511657954,S2-529870007,S2-548542163,S2-560043342,S2-569859500,S2-576819625,S2-606924795,S2-61990010,S2-631023630,S2-633941400,S2-648528769,S2-675337805,S2-679193324,S2-699500794,S2-702733588,S2-704449115,S2-751864723,S2-770435205,S2-794398379,S2-829598251,S2-831239310,S2-83289127,S2-862956103,S2-872966114,S2-877659113,S2-947428435,S2-94847162,S2-968997475,S2-976572610,S2-995109858,S3-117874334,S3-145939326,S3-156911121,S3-159118839,S3-159486451,S3-209632496,S3-25070618,S3-251781031,S3-258774916,S3-267531438,S3-314864689,S3-32634960,S3-351585250,S3-353372702,S3-354070845,S3-386466640,S3-442792481,S3-461936429,S3-491994384,S3-53429301,S3-548236289,S3-572257809,S3-578151888,S3-600948863,S3-609606658,S3-626777483,S3-628215700,S3-673034376,S3-684237045,S3-687634004,S3-691960858,S3-735160069,S3-742577705,S3-751976669,S3-755825205,S3-798008049,S3-80484042,S3-807739009,S3-829638705,S3-838898482,S3-839213014,S3-853324144,S3-858508324,S3-860382946,S3-863181163,S3-879456625,S3-881433812,S3-88247779,S3-884563476,S3-890671575,S3-91433611,S3-952375863,S3-971574194
S1-571777559	S2-110236539,S2-115402940,S2-131606423,S2-157110473,S2-159889395,S2-219432880,S2-222268100,S2-228869624,S2-231622146,S2-263365363,S2-266866988,S2-307709577,S2-316590073,S2-353393611,S2-367235333,S2-432337497,S2-468492828,S2-492786272,S2-501890286,S2-504505275,S2-566882323,S2-614982030,S2-633681499,S2-656668877,S2-665553562,S2-681458654,S2-707360107,S2-713716594,S2-738028717,S2-753769600,S2-773208378,S2-779156624,S2-830438608,S2-845535702,S2-860534246,S2-871774031,S2-923647134,S2-938256871,S2-93959147,S2-939621674,S2-942417082,S2-954365821,S2-970086856,S2-975804629,S2-978126813,S2-997610957,S3-104681486,S3-122663729,S3-123694229,S3-126852625,S3-164521612,S3-172437521,S3-220164891,S3-224268783,S3-236630190,S3-246257811,S3-276207454,S3-277519127,S3-298897411,S3-301167476,S3-325884942,S3-328637777,S3-353075244,S3-397909915,S3-416414284,S3-417971037,S3-425851528,S3-426375492,S3-436824981,S3-447250647,S3-448276989,S3-456221154,S3-464381537,S3-510960220,S3-515906556,S3-51639135,S3-516773370,S3-542428866,S3-553144510,S3-561136393,S3-566688082,S3-588213312,S3-627197188,S3-648845310,S3-652795729,S3-665744184,S3-711373924,S3-716416545,S3-767453164,S3-780959598,S3-803003378,S3-823572641,S3-846473068,S3-856801821,S3-882605073,S3-928420819,S3-939445917,S3-942412138,S3-970258305,S3-985329779
S1-5718747	S2-101750215,S2-118581770,S2-133044236,S2-17178786,S2-182424411,S2-210442537,S2-214601339,S2-217976803,S2-256451765,S2-268932954,S2-270510197,S2-34050777,S2-377741734,S2-408507954,S2-455122177,S2-486843244,S2-493960018,S2-50083056,S2-505785090,S2-511989847,S2-520664579,S2-528257353,S2-536231721,S2-539943184,S2-543769793,S2-624893674,S2-632127605,S2-636083666,S2-667917730,S2-6689270,S2-669193293,S2-696640506,S2-699778678,S2-705319605,S2-729427737,S2-734833318,S2-744794854,S2-747478411,S2-763018444,S2-776181293,S2-78083922,S2-789302288,S2-818810891,S2-843741773,S2-847916338,S2-870058118,S2-875758626,S2-894805664,S2-8982199,S2-912435652,S2-92959536,S2-939010115,S2-9550244,S3-137488563,S3-152848455,S3-159117015,S3-162600859,S3-168268526,S3-187059206,S3-231886317,S3-238119116,S3-249390941,S3-29284590,S3-301167476,S3-315667760,S3-31833403,S3-327069809,S3-337398862,S3-364787350,S3-389390763,S3-402819926,S3-440130255,S3-454071242,S3-4710025,S3-484145022,S3-494498146,S3-534201190,S3-598842608,S3-602261121,S3-608639966,S3-613192964,S3-642347467,S3-651279166,S3-73017836,S3-746336669,S3-752683095,S3-754089081,S3-786863160,S3-811922278,S3-8599226,S3-874149367,S3-891608925,S3-911064052,S3-925278717,S3-931458311,S3-944191560,S3-960874367,S3-971987430,S3-972780912,S3-989222733
S1-577250550	S2-115191382,S2-163359413,S2-16791478,S2-194576892,S2-196391785,S2-209969212,S2-22328438,S2-230441924,S2-231732832,S2-232100103,S2-236789268,S2-253523780,S2-25759077,S2-287640661,S2-324605691,S2-328125837,S2-332154032,S2-344719352,S2-351764498,S2-368478519,S2-376766862,S2-383115169,S2-458658981,S2-473353207,S2-48096502,S2-624764923,S2-633170590,S2-654263813,S2-724042225,S2-733743614,S2-733893793,S2-770239742,S2-778585048,S2-789468897,S2-789818304,S2-793524888,S2-826836145,S2-837396568,S2-845118765,S2-860422500,S2-894842208,S2-903135221,S2-911358391,S2-915278284,S2-920435343,S2-935126066,S2-955809989,S2-968887452,S2-977609843,S2-983254355,S2-984241859,S3-108832698,S3-12301686,S3-150530326,S3-199912888,S3-201933927,S3-210674363,S3-23025372,S3-237877465,S3-245069633,S3-274053704,S3-278483900,S3-288951060,S3-300653158,S3-316074204,S3-324607124,S3-344850221,S3-351319461,S3-372295426,S3-448734210,S3-451526773,S3-459967532,S3-503394733,S3-548724255,S3-563271608,S3-596786395,S3-610663122,S3-612384310,S3-634998414,S3-642283233,S3-661145511,S3-717061221,S3-725778780,S3-729529667,S3-786188816,S3-786831449,S3-838627502,S3-872438302,S3-883783254,S3-891748473,S3-913592883,S3-924903246,S3-949357823,S3-950970736,S3-955726690,S3-973732289,S3-976329227,S3-98217906,S3-985329779,S3-999817490
S1-57859332	S2-115152834,S2-124617507,S2-137628965,S2-160402201,S2-179461226,S2-199326751,S2-294835210,S2-31784017,S2-319487236,S2-321540574,S2-322836083,S2-347549160,S2-438486989,S2-440765604,S2-448658668,S2-458247556,S2-469964803,S2-498390029,S2-516350,S2-517314935,S2-549401533,S2-646080124,S2-661312696,S2-676730821,S2-715064227,S2-722559992,S2-773414526,S2-787499273,S2-800677162,S2-824359905,S2-825948694,S2-849565658,S2-85145496,S2-908249006,S2-9116710,S2-919947855,S2-97306857,S2-986716530,S2-987231071,S2-987659709,S2-993880915,S3-1169489,S3-127718240,S3-146855991,S3-149812821,S3-150549628,S3-157388392,S3-170435799,S3-225866213,S3-238568995,S3-256668492,S3-258903524,S3-26551225,S3-32363117,S3-331103166,S3-338542678,S3-36425933,S3-372185577,S3-414922290,S3-423255944,S3-445353252,S3-459298427,S3-459474099,S3-467718131,S3-492946014,S3-504675118,S3-554043567,S3-576383180,S3-591733623,S3-626841930,S3-641694435,S3-706003667,S3-710694466,S3-711710745,S3-740212164,S3-761988542,S3-762068547,S3-7668592,S3-785400621,S3-789556244,S3-794305521,S3-804166196,S3-809347354,S3-840115333,S3-840668556,S3-842785855,S3-851970617,S3-855069692,S3-866244616,S3-873677307,S3-88838747,S3-904740716,S3-906411275,S3-916230514,S3-916573867,S3-920708748,S3-934688089,S3-977185820,S3-984229436,S3-987882096
S1-585187511	S2-104215369,S2-159918016,S2-166107288,S2-171161046,S2-206260571,S2-271356150,S2-302080693,S2-359556281,S2-362555190,S2-368462066,S2-3714342,S2-381847535,S2-394462592,S2-40299716,S2-406552281,S2-412501787,S2-422350822,S2-428807784,S2-446792539,S2-454272837,S2-466022803,S2-499914480,S2-512690883,S2-528305272,S2-530782742,S2-5405243,S2-545940068,S2-56744275,S2-576774941,S2-588664014,S2-621125394,S2-647995833,S2-66551486,S2-706422938,S2-719899958,S2-756065363,S2-795089767,S2-816261855,S2-825343428,S2-827093547,S2-834393948,S2-866333046,S2-889020512,S2-890896148,S2-907539792,S2-911604735,S2-92226573,S2-986448283,S2-993003422,S3-125600199,S3-126400356,S3-127987100,S3-139004644,S3-152773813,S3-183407421,S3-202066104,S3-20373051,S3-266703343,S3-294010965,S3-302004614,S3-302968185,S3-324212422,S3-329810583,S3-338142330,S3-359226982,S3-359901747,S3-37054092,S3-374123841,S3-376814645,S3-396342967,S3-435489279,S3-456154072,S3-463378921,S3-521647691,S3-526305484,S3-538855372,S3-545546132,S3-600109222,S3-619544964,S3-630577151,S3-640786717,S3-664160884,S3-703062339,S3-706439217,S3-714275237,S3-719507111,S3-723358649,S3-726298016,S3-764944872,S3-781122352,S3-847779898,S3-852538491,S3-859716269,S3-868666934,S3-902990249,S3-904664387,S3-932576516,S3-945438091,S3-947572520,S3-958649861
S1-589253257	S2-137335733,S2-141992643,S2-20805326,S2-217616946,S2-250366198,S2-294219540,S2-344120854,S2-354995381,S2-369485231,S2-487988118,S2-517606185,S2-535885785,S2-544308753,S2-564551253,S2-577659286,S2-580712672,S2-584188304,S2-597532562,S2-626915589,S2-656668371,S2-670055800,S2-733754208,S2-814881099,S2-897475107,S2-97997258,S3-154217274,S3-154898268,S3-155771233,S3-157028716,S3-206376246,S3-249101807,S3-26161361,S3-285650811,S3-311380074,S3-377747035,S3-40256852,S3-41937050,S3-466279951,S3-502628632,S3-50968995,S3-52525908,S3-529248913,S3-532149849,S3-547360753,S3-552435203,S3-564043019,S3-574114935,S3-596730465,S3-615900852,S3-640653422,S3-646284756,S3-666289885,S3-69406723,S3-705961063,S3-720525766,S3-814353564,S3-814590488,S3-81955631,S3-825002811,S3-869621448,S3-903604118,S3-956502880,S3-980702940
S1-590317213	S2-122209291,S2-304687919,S2-32080879,S2-384829851,S2-576888089,S2-76633775,S2-805689445,S2-815170389,S2-876145747,S3-142391530,S3-311808308,S3-359293946,S3-374337744,S3-376536331,S3-509447006,S3-542864045,S3-637630184,S3-719211694,S3-815841472
S1-596007326	S2-106571440,S2-107389460,S2-108610091,S2-109132102,S2-156719123,S2-160988225,S2-170660807,S2-189819030,S2-190298268,S2-211872713,S2-238172285,S2-243813488,S2-246994015,S2-260445047,S2-26746986,S2-311737081,S2-312982568,S2-324714055,S2-33293565,S2-337444820,S2-379335289,S2-402802065,S2-461550676,S2-470363816,S2-473608481,S2-488548827,S2-490320012,S2-512382393,S2-564667633,S2-566376756,S2-570006860,S2-581736659,S2-616997096,S2-720067206,S2-725764342,S2-733608770,S2-829487987,S2-831338739,S2-832640462,S2-835691033,S2-846927809,S2-851185635,S2-863476565,S2-905737147,S2-910146414,S2-936884379,S2-954365821,S2-981550471,S3-135063094,S3-140276872,S3-147263352,S3-158632844,S3-162954542,S3-204460568,S3-220164891,S3-226018212,S3-228506082,S3-285279778,S3-328017872,S3-338674355,S3-351572320,S3-363611553,S3-389563784,S3-438023181,S3-545470703,S3-546666545,S3-552053536,S3-565866487,S3-579264271,S3-579441293,S3-591262107,S3-591812637,S3-591888937,S3-610863213,S3-619649704,S3-672305699,S3-745517140,S3-769838460,S3-785048423,S3-789000078,S3-815939008,S3-817268834,S3-827638395,S3-840693423,S3-850068596,S3-859913493,S3-863359627,S3-869187772,S3-872438302,S3-881224789,S3-899693463,S3-900629165,S3-92354811,S3-92624949,S3-928420819,S3-946597761,S3-969534231,S3-976350035,S3-984908683,S3-986500464
S1-596555182	S2-102352697,S2-132955817,S2-148904671,S2-168462458,S2-179625721,S2-202882007,S2-223493773,S2-231042988,S2-289100479,S2-310730846,S2-385605379,S2-402499274,S2-411547279,S2-436663188,S2-445308752,S2-465002151,S2-49616813,S2-518561014,S2-583040047,S2-612587983,S2-637775978,S2-667105025,S2-67979835,S2-69641099,S2-69814176,S2-698350653,S2-703829945,S2-711602811,S2-730243009,S2-768684246,S2-782819152,S2-81518288,S2-909023686,S2-914761441,S2-926365725,S2-971353836,S2-985922221,S3-109319319,S3-14810808,S3-173955567,S3-205903598,S3-220090019,S3-256374674,S3-271224888,S3-271666160,S3-276376723,S3-277378557,S3-335545219,S3-368849924,S3-373796806,S3-38271044,S3-385727053,S3-39158481,S3-421699302,S3-428677418,S3-452421911,S3-461895156,S3-474734451,S3-478057775,S3-490431510,S3-49309522,S3-495099813,S3-507890796,S3-514782841,S3-518770446,S3-529035971,S3-56284193,S3-563544559,S3-568599054,S3-576765334,S3-580654791,S3-600283312,S3-613085634,S3-62710162,S3-660013410,S3-700635683,S3-741283283,S3-74946954,S3-752414771,S3-757924656,S3-777959800,S3-811047362,S3-834933559,S3-848269265,S3-868358615,S3-878295053,S3-91120493,S3-916326662,S3-919681917,S3-930657092,S3-931024362,S3-935762964,S3-939786038,S3-950566179,S3-968261477,S3-994504542
S1-609062608	S2-110025404,S2-113842848,S2-133115391,S2-164758226,S2-165416638,S2-210644184,S2-243703156,S2-246847688,S2-259929846,S2-277444929,S2-279994068,S2-287396608,S2-305666391,S2-329155791,S2-349384633,S2-35427816,S2-394554163,S2-402644725,S2-413887596,S2-474118498,S2-507728302,S2-532650068,S2-56915992,S2-592807397,S2-626546137,S2-654410059,S2-662763532,S2-702733588,S2-721910870,S2-740802374,S2-762806109,S2-774802693,S2-776181293,S2-776195784,S2-826470477,S2-827376942,S2-86043592,S2-863080712,S2-870188276,S2-877250720,S2-91305348,S2-974796269,S3-115681455,S3-116889975,S3-137115726,S3-156911121,S3-194791038,S3-20234653,S3-216334103,S3-220862479,S3-221866145,S3-25152193,S3-258503201,S3-278739128,S3-307139168,S3-309294872,S3-321928988,S3-339449960,S3-365522,S3-371983994,S3-450208845,S3-450758139,S3-468955020,S3-476771290,S3-483125038,S3-490746450,S3-502466997,S3-516953165,S3-532067831,S3-545685534,S3-552670891,S3-566328140,S3-592407666,S3-615006084,S3-620046221,S3-623708410,S3-642310911,S3-649712317,S3-672060102,S3-672557970,S3-673840836,S3-684111261,S3-755110100,S3-811012124,S3-816521128,S3-820473898,S3-825977561,S3-835714367,S3-838627502,S3-842400377,S3-849504316,S3-850459988,S3-852594934,S3-881433812,S3-88247779,S3-898139682,S3-920161719,S3-949391033,S3-949828523,S3-952993566
S1-611979795	S2-108388778,S2-109043411,S2-136208372,S2-144690380,S2-15312591,S2-169316016,S2-176016152,S2-179875043,S2-203014366,S2-21859479,S2-251067677,S2-253458177,S2-276290276,S2-288310467,S2-306120553,S2-315041402,S2-339288246,S2-353638829,S2-391922062,S2-425434364,S2-428861032,S2-435586161,S2-474841636,S2-475552014,S2-478000488,S2-48444024,S2-496669937,S2-505207804,S2-524633617,S2-535511163,S2-554314129,S2-566688803,S2-584056960,S2-599549935,S2-612362341,S2-664351662,S2-681061569,S2-696227564,S2-70818451,S2-727140300,S2-739588014,S2-741853877,S2-752174561,S2-789296428,S2-818675935,S2-838242461,S2-846047154,S2-859393404,S2-894842208,S2-919088656,S2-944765512,S2-971666239,S3-115889404,S3-155827261,S3-209628622,S3-212307233,S3-223537262,S3-235141296,S3-280772613,S3-296290549,S3-302591797,S3-30997744,S3-318734160,S3-33117842,S3-380951818,S3-383693627,S3-397518552,S3-408447852,S3-442426182,S3-447686166,S3-476771290,S3-479708630,S3-49459516,S3-505378659,S3-505686070,S3-543013357,S3-544466906,S3-552320642,S3-554168475,S3-632752593,S3-633337298,S3-635424318,S3-646337742,S3-652626402,S3-679716547,S3-69550546,S3-703350161,S3-711600788,S3-722819446,S3-736044151,S3-744952591,S3-752031433,S3-830582082,S3-873853483,S3-886479106,S3-897559828,S3-933894071,S3-946623779,S3-959579470,S3-989028814
S1-612138552	S2-101490015,S2-108927878,S2-120369605,S2-12796093,S2-134573581,S2-140392613,S2-145131937,S2-147233983,S2-15241240,S2-152479017,S2-156719123,S2-163840404,S2-174490227,S2-179875043,S2-184993338,S2-194744595,S2-203072747,S2-210971167,S2-214087576,S2-217445093,S2-222153522,S2-22786438,S2-249274723,S2-256484205,S2-268859026,S2-288801001,S2-307814205,S2-33357446,S2-357502270,S2-367235333,S2-372052585,S2-378635692,S2-380832534,S2-394554163,S2-395800668,S2-41143092,S2-419905370,S2-427473980,S2-439801672,S2-446871083,S2-448230568,S2-449617627,S2-450945636,S2-454168425,S2-463968821,S2-471713609,S2-485360650,S2-512030745,S2-522844813,S2-526277674,S2-527521763,S2-529314826,S2-532418808,S2-53619573,S2-537164442,S2-537781017,S2-544308753,S2-552404741,S2-557352853,S2-558585274,S2-558810485,S2-568951817,S2-57303947,S2-633278532,S2-640747746,S2-642445801,S2-66569650,S2-672674442,S2-715522197,S2-718900613,S2-723400593,S2-754236886,S2-76483638,S2-766311908,S2-776181293,S2-786522010,S2-800004072,S2-827740014,S2-829251462,S2-845463620,S2-846177141,S2-872499154,S2-874162453,S2-881907150,S2-888761901,S2-891713181,S2-896277824,S2-911831773,S2-920019239,S2-925928705,S2-967170300,S2-969254000,S2-970086856,S2-977190617,S3-304904980,S3-30997744,S3-365231906,S3-442829559,S3-814950404,S3-943032673
S1-613598143	S2-142022632,S2-145881455,S2-157343630,S2-169160798,S2-172626090,S2-182583916,S2-184190407,S2-227612893,S2-235472314,S2-248800034,S2-2567647,S2-290108980,S2-292440715,S2-297138958,S2-307665672,S2-339029624,S2-362597301,S2-382172379,S2-416211619,S2-422648938,S2-427082891,S2-457352450,S2-458586441,S2-462526248,S2-465377550,S2-466313790,S2-477869059,S2-481072559,S2-487419092,S2-492952399,S2-518424724,S2-53964214,S2-540537593,S2-542056483,S2-543871817,S2-551382900,S2-558505389,S2-57593311,S2-605486490,S2-610110921,S2-613431408,S2-617757493,S2-654130080,S2-659073143,S2-661850583,S2-668241111,S2-67731421,S2-677637447,S2-684488116,S2-686481447,S2-701887512,S2-70400642,S2-704332402,S2-711990899,S2-723550919,S2-737296592,S2-762033913,S2-782930779,S2-800818383,S2-832021920,S2-834563673,S2-849272718,S2-849987646,S2-851263667,S2-852760294,S2-887037968,S2-909276135,S2-914577103,S2-91690570,S2-923560784,S2-929443380,S2-93711546,S2-938559567,S2-939980177,S2-947982066,S2-960276783,S2-974382088,S2-990240271,S2-990682127,S2-992829478,S3-107653969,S3-113599531,S3-130100987,S3-344567101,S3-380530259,S3-389658019,S3-459375850,S3-512394838,S3-51527370,S3-531211291,S3-536503329,S3-58746952,S3-612909364,S3-69061992,S3-695070833,S3-801833142,S3-809538711,S3-822969382,S3-847369810,S3-975653647
S1-613642244	S2-103598322,S2-123459391,S2-14069646,S2-183283633,S2-247871764,S2-259227124,S2-349458131,S2-35548262,S2-389029862,S2-402495223,S2-402816014,S2-41573205,S2-420385975,S2-44621127,S2-48963502,S2-504877055,S2-505529321,S2-604300556,S2-705738371,S2-72964623,S2-771695132,S2-822721361,S2-823372389,S2-839287382,S2-876305265,S2-929934377,S3-10919226,S3-126680014,S3-14809356,S3-14893774,S3-169033761,S3-300343466,S3-317804950,S3-397939007,S3-408908496,S3-417479427,S3-419994381,S3-42052438,S3-531628720,S3-580080101,S3-629260616,S3-647517646,S3-654565491,S3-710780040,S3-732119746,S3-750373438,S3-753663048,S3-804796691,S3-839672538,S3-860310373,S3-894109785,S3-96873382,S3-990274579,S3-999306553
S1-622874768	S2-119170862,S2-13684082,S2-150242280,S2-270355835,S2-325919567,S2-326834589,S2-33228405,S2-371692381,S2-378867947,S2-394116005,S2-394669149,S2-401516348,S2-409845059,S2-417052324,S2-453482489,S2-499755795,S2-501936753,S2-520395904,S2-52375347,S2-535903909,S2-542492616,S2-561416780,S2-566288819,S2-572421685,S2-587874439,S2-58857912,S2-590176013,S2-592966140,S2-60172892,S2-622798066,S2-666282042,S2-685057726,S2-691956246,S2-696679067,S2-731588087,S2-752081733,S2-758145635,S2-781637796,S2-784715242,S2-840058249,S2-867710047,S2-876721131,S2-897423255,S2-909393104,S2-934820328,S2-952697415,S3-130033452,S3-143792507,S3-15862184,S3-176565815,S3-183988476,S3-187191446,S3-211623369,S3-213681128,S3-274001469,S3-291229663,S3-307966976,S3-329669265,S3-341758829,S3-348046973,S3-349756107,S3-35685905,S3-426315561,S3-445543159,S3-467723959,S3-480583214,S3-489639409,S3-50096781,S3-506631453,S3-512484299,S3-551271002,S3-558428424,S3-602594348,S3-66150658,S3-669692059,S3-67092186,S3-674061062,S3-686908676,S3-693248863,S3-693687281,S3-713360365,S3-736629062,S3-765518833,S3-76788867,S3-77784220,S3-779267418,S3-794317013,S3-809020085,S3-810645912,S3-838891953,S3-844824551,S3-898110542,S3-930519602,S3-943109373,S3-948392473,S3-959109409,S3-961541957,S3-969181489,S3-993480431
S1-627144525	S2-135795484,S2-161213241,S2-164118721,S2-180299877,S2-189649714,S2-210717517,S2-248155043,S2-271205523,S2-275234184,S2-278254185,S2-285482274,S2-296510570,S2-307443980,S2-312514311,S2-334928044,S2-336880119,S2-349396805,S2-360940104,S2-369574516,S2-391198522,S2-410885270,S2-414011287,S2-419789553,S2-423444033,S2-431530908,S2-43723004,S2-44162524,S2-442726484,S2-445877107,S2-451003731,S2-454547723,S2-460821959,S2-499669500,S2-53686206,S2-547415476,S2-558901774,S2-581003900,S2-597159535,S2-59930788,S2-660033258,S2-676382349,S2-677757521,S2-678209338,S2-701906667,S2-71971097,S2-725461304,S2-732809917,S2-781088026,S2-810865448,S2-811366167,S2-819605456,S2-822978972,S2-825198344,S2-829761724,S2-884813114,S2-909796844,S2-921383329,S2-929352025,S2-957341258,S3-108266203,S3-129307070,S3-159562080,S3-213941631,S3-237630019,S3-249006488,S3-264158824,S3-26712756,S3-285955378,S3-294758798,S3-300678052,S3-309626271,S3-329744400,S3-332237651,S3-349141461,S3-352311255,S3-357263825,S3-39275186,S3-40514647,S3-459251052,S3-459375850,S3-482544415,S3-518992063,S3-519607489,S3-537384870,S3-549031458,S3-562920468,S3-578890259,S3-641355504,S3-650265909,S3-724084278,S3-7285628,S3-790790448,S3-853951977,S3-860079095,S3-86953549,S3-879697215,S3-906800157,S3-908864828,S3-98161716,S3-987879924
S1-63719584	S2-137658355,S2-179461226,S2-209019917,S2-261582859,S2-271108584,S2-272923611,S2-306875981,S2-318546967,S2-335101425,S2-454977828,S2-480212981,S2-537317925,S2-554776207,S2-568814576,S2-574155800,S2-614220387,S2-670114728,S2-684927326,S2-695720803,S2-870694144,S2-893548697,S2-990986170,S2-992631178,S3-12832337,S3-207294843,S3-220826106,S3-253627331,S3-26331081,S3-274476701,S3-318800580,S3-319465931,S3-334775675,S3-359944588,S3-400840619,S3-450828199,S3-462134232,S3-476483688,S3-514751209,S3-548756097,S3-679306055,S3-709956961,S3-715162976,S3-767070862,S3-785261948,S3-794370641,S3-804796691,S3-821723692,S3-878889067,S3-882023339,S3-953545610,S3-998168276
S1-6381641	S2-117565798,S2-13056162,S2-14683646,S2-150097313,S2-202403495,S2-215208731,S2-231688856,S2-232837916,S2-274887107,S2-275292871,S2-314464238,S2-31483296,S2-31958613,S2-333472855,S2-389435470,S2-393563842,S2-431547534,S2-440751152,S2-487582639,S2-571132317,S2-653875888,S2-675348100,S2-708621837,S2-802774091,S2-805812544,S2-810116004,S2-822191627,S2-854741645,S2-857091197,S2-861414287,S2-861522855,S2-908151511,S2-914877951,S2-928504306,S3-102181072,S3-120973010,S3-132281000,S3-137253745,S3-151047335,S3-178048980,S3-191877624,S3-192110903,S3-205445563,S3-207385893,S3-228360752,S3-233767917,S3-243520795,S3-279771478,S3-318274534,S3-320995973,S3-324236781,S3-347598381,S3-380505645,S3-403243368,S3-43496244,S3-449315603,S3-482169634,S3-547483224,S3-547833773,S3-551367724,S3-552181945,S3-561307572,S3-583650754,S3-590167657,S3-595621012,S3-596483886,S3-604024177,S3-627345417,S3-639559149,S3-678948047,S3-744348692,S3-746336669,S3-76546220,S3-769679912,S3-784665931,S3-797506026,S3-811697581,S3-815974584,S3-834003216,S3-862327751,S3-868794729,S3-873969802,S3-87941342,S3-90337639,S3-907707028,S3-957282683,S3-962335924,S3-970003236,S3-971325462,S3-985283233,S3-988331658,S3-992125510,S3-992592351
S1-640830255	S2-120339306,S2-125577528,S2-142547025,S2-154748565,S2-155102849,S2-156452752,S2-159918016,S2-19925397,S2-274562497,S2-292592054,S2-29302830,S2-32844075,S2-339122024,S2-352383953,S2-392531905,S2-411574583,S2-425513728,S2-453482489,S2-465311792,S2-468956394,S2-487379773,S2-492836642,S2-512690883,S2-528305272,S2-540265081,S2-5405243,S2-545940068,S2-561971801,S2-576774941,S2-57774625,S2-589750339,S2-622481215,S2-628378031,S2-636163808,S2-638764882,S2-67633039,S2-715638378,S2-738996676,S2-7671095,S2-774031665,S2-776794265,S2-784715242,S2-787288086,S2-811668480,S2-845683674,S2-866333046,S2-939256569,S2-9456816,S2-95075982,S2-951117541,S2-957597561,S2-976889126,S2-993003422,S3-141943961,S3-144155427,S3-149622251,S3-152773813,S3-152832792,S3-202066104,S3-204667306,S3-239475920,S3-338142330,S3-342278286,S3-371574026,S3-402344486,S3-418990846,S3-44351165,S3-453052054,S3-494380500,S3-521647691,S3-559679152,S3-560071717,S3-58783452,S3-615263624,S3-66260507,S3-668807633,S3-719044091,S3-722381828,S3-722861779,S3-729520785,S3-759743430,S3-76805206,S3-768495437,S3-769077370,S3-785016091,S3-824949915,S3-826237923,S3-826721710,S3-850471397,S3-851230181,S3-8593064,S3-872115917,S3-919196506,S3-933548165,S3-957284469,S3-962918866
S1-644411036	S2-126100779,S2-14145604,S2-154030455,S2-200324877,S2-214245581,S2-231258333,S2-30902592,S2-311198079,S2-352552540,S2-353920232,S2-358321743,S2-373730786,S2-384556840,S2-435467464,S2-51012108,S2-536126482,S2-540537593,S2-542233298,S2-579680,S2-584687229,S2-61211686,S2-674565629,S2-679069894,S2-699391872,S2-727855265,S2-742194956,S2-797039920,S2-79905632,S2-799927293,S2-838382522,S2-838401167,S2-840041139,S2-867078312,S2-887522900,S2-889587153,S2-891638142,S2-895860200,S2-89906125,S2-907560895,S2-909126088,S2-919215435,S2-926126276,S2-932122659,S2-942568155,S2-973267603,S3-106393815,S3-125572762,S3-151098654,S3-216627372,S3-242950495,S3-247518137,S3-253906342,S3-29200507,S3-302483285,S3-341206329,S3-361450213,S3-390559825,S3-41477273,S3-418990846,S3-421061313,S3-442641088,S3-443722463,S3-515696539,S3-519274894,S3-575134528,S3-584560778,S3-601530978,S3-601878588,S3-637360144,S3-653850910,S3-657015167,S3-670775535,S3-696111559,S3-698085734,S3-75956123,S3-766522100,S3-777652031,S3-797455572,S3-832434530,S3-903204951,S3-953075301
S1-657654513	S2-223425813,S2-227887567,S2-328680381,S2-359437116,S2-378011585,S2-386701036,S2-41514279,S2-439161022,S2-478530767,S2-485129405,S2-505311451,S2-507704636,S2-564238568,S2-57593311,S2-579568693,S2-584729438,S2-613911773,S2-658347451,S2-682295338,S2-753049565,S2-804032476,S2-872303457,S2-906921519,S2-910842372,S2-931005814,S2-943222249,S3-145151842,S3-157251275,S3-171076624,S3-171366329,S3-220266829,S3-234047630,S3-283270020,S3-325791419,S3-347403949,S3-366079349,S3-377104674,S3-378119158,S3-469199816,S3-487598602,S3-519607078,S3-52400270,S3-658349844,S3-682278061,S3-716935934,S3-73168111,S3-751227021,S3-76149866,S3-77569017,S3-829371872,S3-852012262,S3-8865181,S3-941132177
S1-658439443	S2-113522330,S2-13812903,S2-172205974,S2-181056636,S2-187657273,S2-206499767,S2-254921986,S2-269216938,S2-278376019,S2-281766113,S2-306571257,S2-326368586,S2-350941202,S2-398600766,S2-425348204,S2-429714134,S2-438969319,S2-448720779,S2-454628823,S2-483921688,S2-495565633,S2-51291991,S2-523716994,S2-528817145,S2-545063219,S2-547881968,S2-573187884,S2-574147563,S2-574530624,S2-593628794,S2-607605766,S2-612137673,S2-659006722,S2-674315309,S2-696101444,S2-727570982,S2-730331157,S2-73904397,S2-748325649,S2-7624353,S2-765844427,S2-769765145,S2-802084293,S2-816934387,S2-87925446,S2-895333808,S2-902582027,S2-902902513,S2-941675979,S2-959150948,S2-982088229,S2-993422244,S3-112046480,S3-131117307,S3-142144880,S3-147161435,S3-171499226,S3-173829850,S3-214499657,S3-216530787,S3-241930630,S3-282362067,S3-303445664,S3-309945902,S3-414703806,S3-415380926,S3-422009012,S3-443957273,S3-45722534,S3-458082069,S3-470946230,S3-502038653,S3-506726696,S3-511647418,S3-514623623,S3-537736264,S3-556335825,S3-566085102,S3-567027426,S3-613309208,S3-628430783,S3-642783386,S3-648102632,S3-654074788,S3-700635683,S3-713910721,S3-731204059,S3-754922463,S3-770509625,S3-795041848,S3-803213129,S3-834328940,S3-83539310,S3-854469227,S3-857238865,S3-925005131,S3-942878000,S3-942976164,S3-960702922,S3-996706485
S1-665355186	S2-102286733,S2-126380926,S2-127649829,S2-133044236,S2-14940734,S2-178246198,S2-182052336,S2-199141006,S2-207354807,S2-214087576,S2-215169300,S2-22700931,S2-244869949,S2-245824134,S2-246534162,S2-258040459,S2-262860560,S2-270768375,S2-275166302,S2-303840498,S2-305666391,S2-310476627,S2-317986865,S2-31958613,S2-327312740,S2-329256726,S2-344085581,S2-379118065,S2-395810184,S2-42654222,S2-433439429,S2-45039411,S2-460916094,S2-476817426,S2-484700872,S2-503829652,S2-532002586,S2-557877194,S2-607605766,S2-626546137,S2-632243559,S2-647343574,S2-666451268,S2-699778678,S2-703556722,S2-708159493,S2-708410465,S2-712397201,S2-715087879,S2-720057792,S2-735104265,S2-739502348,S2-754376080,S2-773617994,S2-774139241,S2-788637934,S2-804627671,S2-811409070,S2-817480836,S2-82493242,S2-860465082,S2-875758626,S2-898171065,S2-899912281,S2-911358391,S2-945161916,S2-951945362,S2-967438873,S2-970220938,S2-970774230,S2-978867470,S3-103405689,S3-237031504,S3-246504737,S3-269804572,S3-274677055,S3-365522,S3-414725430,S3-422511834,S3-436506518,S3-438480250,S3-441953820,S3-479547424,S3-485472794,S3-487438601,S3-495341725,S3-552762137,S3-566328140,S3-602882718,S3-61992185,S3-635693055,S3-679462319,S3-709302855,S3-735658070,S3-745376778,S3-819560818,S3-849722702,S3-888660305,S3-914621220,S3-967990950
S1-669413769	S2-114113860,S2-127649829,S2-141992643,S2-169597264,S2-268660021,S2-349303228,S2-472527104,S2-520919387,S2-540656284,S2-550265337,S2-605701830,S2-618844064,S2-623517407,S2-645138790,S2-699504265,S2-713572779,S2-724042225,S2-800014563,S2-814853152,S2-877479417,S2-880342210,S2-885671712,S3-107068445,S3-122288806,S3-127637575,S3-135063094,S3-141686200,S3-149811500,S3-167308037,S3-213712532,S3-237497669,S3-241511505,S3-241914156,S3-271446960,S3-276252416,S3-277470813,S3-285650811,S3-295796224,S3-311380074,S3-333575412,S3-345436487,S3-384211175,S3-397518552,S3-403708677,S3-43611837,S3-43772118,S3-46956620,S3-476394916,S3-479547424,S3-493817951,S3-50968995,S3-548724255,S3-565031092,S3-583551865,S3-603235983,S3-615900852,S3-625030745,S3-625957180,S3-639036668,S3-654543528,S3-678683280,S3-719831398,S3-720525766,S3-727635639,S3-75020170,S3-814353564,S3-848410215,S3-87907581,S3-956502880,S3-973335577
S1-671129885	S2-107425650,S2-15116571,S2-375389076,S2-46857054,S2-626479709,S2-638796094,S2-646606580,S2-650615133,S2-657617934,S2-686200132,S2-696285971,S2-730378897,S2-856480464,S2-887736865,S3-144598802,S3-144722907,S3-237539683,S3-253906342,S3-291695952,S3-384990186,S3-453026472,S3-618685367,S3-670139239,S3-732975762,S3-91568306,S3-981450473
S1-677358632	S2-160208970,S2-289995403,S2-290663739,S2-314265909,S2-412522820,S2-494311438,S2-495690504,S2-570245116,S2-572006518,S2-57490681,S2-577773321,S2-622364124,S2-635321054,S2-70665078,S2-713855095,S2-735201125,S2-754091408,S2-765615274,S2-821725294,S2-821893822,S2-842981557,S2-857270254,S2-868958067,S2-873931961,S2-892886608,S2-895645878,S2-907307129,S2-918074562,S2-93478686,S3-140247115,S3-151047335,S3-15466504,S3-155036705,S3-222464878,S3-249492982,S3-254516265,S3-262485313,S3-267175075,S3-267499170,S3-278334032,S3-292102686,S3-363150121,S3-367149541,S3-392106942,S3-393421871,S3-461555497,S3-46443267,S3-477722069,S3-502151942,S3-521289927,S3-529820330,S3-557226529,S3-747144768,S3-758712709,S3-814669360,S3-818486597,S3-907446075,S3-936344337,S3-939904281,S3-95476692,S3-99264602,S3-994213020
S1-67904101	S2-202681283,S2-458097277,S2-544639758,S2-555394772,S2-631451351,S2-648895589,S2-736042244,S2-745868728,S2-846708060,S2-884608707,S2-921538446,S2-934608391,S2-941574904,S2-950910173,S2-994301220,S3-118025551,S3-145025456,S3-156565489,S3-170680860,S3-224190698,S3-23294124,S3-233767917,S3-246155489,S3-489903468,S3-491213841,S3-492057419,S3-617476766,S3-682236953,S3-696506473,S3-745800520,S3-805124051,S3-851536050,S3-853913331,S3-867892975
S1-702336597	S2-121382357,S2-178828788,S2-183664973,S2-228779604,S2-247552236,S2-254788701,S2-258524103,S2-266340710,S2-26950925,S2-282961773,S2-301746313,S2-318303423,S2-318761441,S2-322127049,S2-33383115,S2-348024958,S2-418380949,S2-423131785,S2-430031715,S2-453140787,S2-461563520,S2-502709642,S2-50391215,S2-527695405,S2-603635417,S2-624560793,S2-630651352,S2-647511333,S2-659345862,S2-665584581,S2-673473326,S2-716235978,S2-723832431,S2-732829021,S2-738484039,S2-747243692,S2-753444740,S2-764713035,S2-77306856,S2-773169022,S2-798018002,S2-809515248,S2-822346901,S2-828819520,S2-830415316,S2-838831361,S2-844263640,S2-921111723,S2-921137386,S2-938743845,S2-943707831,S3-113253162,S3-141091952,S3-234114420,S3-342384595,S3-344959823,S3-356135865,S3-371438067,S3-398011682,S3-4002608,S3-440995686,S3-448167934,S3-480227792,S3-494720811,S3-497472606,S3-531382324,S3-533193854,S3-536348122,S3-542980413,S3-563641161,S3-57045093,S3-575306388,S3-57619122,S3-583028491,S3-602432033,S3-603364853,S3-616761805,S3-631161990,S3-643405329,S3-649126738,S3-673525475,S3-68635253,S3-696671091,S3-729059025,S3-731358529,S3-732207078,S3-745541681,S3-776849193,S3-781958416,S3-812434061,S3-82315301,S3-840596088,S3-899441975,S3-902040254,S3-906042339,S3-906244277,S3-926493316,S3-936232499,S3-940450786,S3-9578195
S1-706856946	S2-110778219,S2-114200915,S2-144466580,S2-149550360,S2-182606663,S2-229956555,S2-24242828,S2-245291586,S2-251786106,S2-281066731,S2-333834345,S2-337127284,S2-34644977,S2-351870381,S2-355235944,S2-358791502,S2-373089258,S2-408685566,S2-430728799,S2-431726193,S2-444213826,S2-52948750,S2-534420283,S2-539134456,S2-59782346,S2-612759814,S2-613886186,S2-617907241,S2-682196710,S2-689471288,S2-699074234,S2-699650823,S2-72883532,S2-729041067,S2-760619006,S2-825207939,S2-826542762,S2-828947992,S2-843283224,S2-849224837,S2-876545329,S2-892367472,S2-91150407,S2-972185378,S3-120271062,S3-127544752,S3-127943598,S3-136499130,S3-14546111,S3-161068526,S3-171018534,S3-235965776,S3-257773351,S3-305202253,S3-323153716,S3-324820153,S3-356187986,S3-368084820,S3-389438306,S3-395169745,S3-398995508,S3-401432786,S3-413479461,S3-421238278,S3-461769740,S3-485929052,S3-518125467,S3-523319288,S3-541457644,S3-560866415,S3-57620025,S3-59474892,S3-59504831,S3-651240640,S3-653929085,S3-708184306,S3-714140868,S3-719762271,S3-736431069,S3-809966337,S3-82304919,S3-846531212,S3-91524090,S3-91997873,S3-927535460,S3-939639201,S3-948323362,S3-960842866
S1-709074730	S2-109123667,S2-117046778,S2-137132955,S2-154012771,S2-207672044,S2-210211020,S2-259105849,S2-291353274,S2-320439385,S2-368637086,S2-371610389,S2-407017000,S2-408845232,S2-42297081,S2-4298900,S2-433072095,S2-441899223,S2-456020855,S2-46119059,S2-46139839,S2-477986423,S2-487086379,S2-493958515,S2-504084863,S2-504563685,S2-509702087,S2-552475255,S2-5707522,S2-581946988,S2-583461418,S2-598250558,S2-606264573,S2-612793266,S2-620275026,S2-646192031,S2-65646154,S2-668570916,S2-675011301,S2-684017125,S2-711655735,S2-822970011,S2-844255679,S2-873232185,S2-905915808,S2-907727358,S2-947549174,S2-950124108,S2-957850786,S2-960553036,S3-137840589,S3-141506690,S3-16169423,S3-171804547,S3-256137275,S3-282456624,S3-295406473,S3-348905198,S3-376698029,S3-382871329,S3-410094210,S3-442321530,S3-443722463,S3-514751209,S3-522350907,S3-586722450,S3-619352752,S3-624352163,S3-627013556,S3-62939172,S3-648565987,S3-686085273,S3-700826579,S3-717741899,S3-727034007,S3-727512291,S3-768730210,S3-793831707,S3-805704707,S3-830336011,S3-858445326,S3-939716416,S3-947812532,S3-989788512,S3-997847073
S1-716442915	S2-153046971,S2-164498910,S2-166760851,S2-177633442,S2-199669656,S2-207964292,S2-220720253,S2-248793810,S2-271555689,S2-297215873,S2-299108910,S2-312372957,S2-33237522,S2-358183733,S2-367619938,S2-369583328,S2-415177929,S2-418551982,S2-426056399,S2-448967653,S2-454714477,S2-468756025,S2-46989188,S2-475305437,S2-480821739,S2-486281718,S2-490072749,S2-490732870,S2-507192029,S2-508374208,S2-510383940,S2-518145813,S2-521180185,S2-530868795,S2-537342965,S2-542056483,S2-55434341,S2-569542739,S2-600197053,S2-613454283,S2-623817123,S2-646867412,S2-650512870,S2-65378876,S2-654784858,S2-663913320,S2-666060563,S2-669658925,S2-682253670,S2-683539102,S2-687568056,S2-700693791,S2-704682305,S2-709331265,S2-71207926,S2-727608986,S2-731649105,S2-742149781,S2-747466359,S2-775967081,S2-78769581,S2-787757653,S2-793614403,S2-795982805,S2-802605821,S2-808728262,S2-814565512,S2-824509207,S2-829980962,S2-835144110,S2-847882502,S2-849730555,S2-857216235,S2-874354006,S2-880486716,S2-895257258,S2-897712063,S2-905566596,S2-938114968,S2-944147628,S2-97346546,S2-985067449,S2-994698031,S3-113462535,S3-161338369,S3-181144762,S3-227082747,S3-273324366,S3-273690584,S3-430121015,S3-444175673,S3-573860030,S3-609111849,S3-766044373,S3-802676977,S3-821770025,S3-879599711,S3-891691813,S3-903166179,S3-922330988
S1-719919136	S2-102286733,S2-126380926,S2-127649829,S2-133044236,S2-14940734,S2-178246198,S2-182052336,S2-207354807,S2-214087576,S2-215169300,S2-22700931,S2-244869949,S2-245824134,S2-258040459,S2-262860560,S2-270768375,S2-275166302,S2-303840498,S2-317986865,S2-31958613,S2-327312740,S2-344085581,S2-42654222,S2-45039411,S2-476817426,S2-484700872,S2-503829652,S2-532002586,S2-557877194,S2-607605766,S2-647343574,S2-666451268,S2-699778678,S2-703556722,S2-708159493,S2-708410465,S2-712397201,S2-715087879,S2-720057792,S2-735104265,S2-739502348,S2-773617994,S2-774139241,S2-788637934,S2-804627671,S2-811409070,S2-82493242,S2-860465082,S2-898171065,S2-899912281,S2-911358391,S2-945161916,S2-951945362,S2-967438873,S2-970220938,S2-970774230,S2-978867470,S3-115061195,S3-126904122,S3-132067707,S3-166218205,S3-168324608,S3-196565468,S3-221755697,S3-275349290,S3-28430063,S3-287055298,S3-306170136,S3-347732574,S3-38043078,S3-380951818,S3-393744173,S3-403301546,S3-432970517,S3-468236317,S3-5316319,S3-539654779,S3-563754134,S3-576297328,S3-583976138,S3-592073516,S3-604536112,S3-606924459,S3-635741056,S3-672948389,S3-702756807,S3-70460315,S3-713237036,S3-721177356,S3-739100742,S3-747487224,S3-825166358,S3-830387454,S3-830717300,S3-847355378,S3-854469227,S3-920959323,S3-921169035,S3-971463717,S3-973786081
S1-72918323	S2-110697354,S2-141369082,S2-158989871,S2-261405250,S2-344574972,S2-354439624,S2-372693544,S2-401136411,S2-489213279,S2-513445558,S2-544980161,S2-558442576,S2-589708934,S2-605462590,S2-612156049,S2-619387578,S2-620647719,S2-635513613,S2-638665720,S2-642122157,S2-646191267,S2-666971517,S2-689541353,S2-692975431,S2-70140928,S2-716655664,S2-739245675,S2-746641962,S2-750070126,S2-752434586,S2-76382003,S2-799768001,S2-808100278,S2-811325275,S2-877118600,S2-896732085,S2-910195544,S2-910920599,S2-918763928,S2-980417670,S3-103355960,S3-141448221,S3-150505193,S3-165972102,S3-183893342,S3-206519992,S3-211088838,S3-222030707,S3-249094103,S3-272535,S3-27716195,S3-294364613,S3-338069301,S3-351588871,S3-382812301,S3-423560407,S3-425135701,S3-475107869,S3-478314486,S3-536503329,S3-542239427,S3-550490677,S3-626166797,S3-639396653,S3-702675443,S3-742318382,S3-778419086,S3-795172385,S3-800954195,S3-801201103,S3-851105777,S3-89968268,S3-902077022,S3-907272755,S3-948089755,S3-97363833,S3-990022469
S1-732613749	S2-11389574,S2-136704480,S2-14302008,S2-154696595,S2-167575886,S2-184190407,S2-192802782,S2-20047958,S2-206490291,S2-248800034,S2-270527204,S2-292440715,S2-312231193,S2-320983511,S2-361206026,S2-395299404,S2-395504295,S2-428176216,S2-434331979,S2-479331549,S2-486149949,S2-490814405,S2-566407734,S2-589224004,S2-632667174,S2-642921016,S2-653808536,S2-684551309,S2-710795247,S2-717103442,S2-727234193,S2-760041943,S2-762842003,S2-76923389,S2-794892610,S2-800992054,S2-808317602,S2-828947992,S2-8661228,S2-880755170,S2-888667254,S2-909126088,S2-932536548,S2-932830398,S2-942568155,S2-947954302,S3-116294622,S3-119972703,S3-130100987,S3-151098654,S3-154273781,S3-15858453,S3-191004810,S3-216627372,S3-223453487,S3-23257883,S3-256137275,S3-310991726,S3-327833165,S3-344681418,S3-380278329,S3-425694678,S3-442680990,S3-460504929,S3-473367120,S3-478576992,S3-483426014,S3-48376538,S3-484495786,S3-501901914,S3-515696539,S3-523728448,S3-550172243,S3-566929643,S3-578318888,S3-606150783,S3-615616085,S3-620855017,S3-622788998,S3-626110802,S3-670775535,S3-703560467,S3-723615269,S3-752648055,S3-758761396,S3-766469165,S3-800499462,S3-804292827,S3-808994890,S3-829556047,S3-832434530,S3-841714868,S3-847369810,S3-856932824,S3-878559803,S3-890664785,S3-895992541,S3-921837125,S3-994362325,S3-996802106
S1-734659223	S3-417567526,S3-503870242,S3-592240620,S3-827604302
S1-739611320	S2-101077577,S2-114200915,S2-136221358,S2-201728429,S2-206490291,S2-250783482,S2-266925861,S2-288287673,S2-293227677,S2-308994390,S2-321565255,S2-33112928,S2-354644654,S2-368705680,S2-384477462,S2-386384920,S2-419030099,S2-434919617,S2-463758786,S2-493823776,S2-506727480,S2-539825256,S2-54045892,S2-564916390,S2-579397978,S2-579569398,S2-605498693,S2-614220387,S2-628509139,S2-660992567,S2-683493602,S2-690532976,S2-69501662,S2-71789809,S2-725319908,S2-746882903,S2-749108112,S2-752518236,S2-777785870,S2-785643946,S2-799927293,S2-834868144,S2-836643120,S2-844123617,S2-861589585,S2-866803537,S2-880662813,S2-915131579,S2-91704178,S2-939131514,S2-967790319,S2-989100620,S2-995757032,S3-118687029,S3-136399322,S3-144340780,S3-157877472,S3-165131332,S3-183893342,S3-207294843,S3-21294314,S3-225001883,S3-228878697,S3-229988428,S3-306656842,S3-329593080,S3-343956325,S3-348412060,S3-349883052,S3-376243607,S3-401687219,S3-40772321,S3-441338074,S3-444688916,S3-452326326,S3-522360070,S3-556312507,S3-56220606,S3-574134497,S3-576319293,S3-580470845,S3-58853858,S3-602346744,S3-607937307,S3-646444721,S3-702072253,S3-719473880,S3-786026173,S3-821811355,S3-826562013,S3-848526602,S3-886844617,S3-907133423,S3-908889377,S3-914734518,S3-917544277,S3-918967764,S3-970013316,S3-979561620,S3-986849832
S1-745450749	S2-102286733,S2-126380926,S2-127649829,S2-133044236,S2-14940734,S2-178246198,S2-182052336,S2-207354807,S2-214087576,S2-215169300,S2-22700931,S2-244869949,S2-245824134,S2-258040459,S2-262860560,S2-270768375,S2-275166302,S2-303840498,S2-317986865,S2-31958613,S2-327312740,S2-344085581,S2-42654222,S2-45039411,S2-476817426,S2-484700872,S2-503829652,S2-532002586,S2-557877194,S2-607605766,S2-640571137,S2-647343574,S2-666451268,S2-699778678,S2-703556722,S2-708159493,S2-708410465,S2-712397201,S2-715087879,S2-720057792,S2-735104265,S2-735885703,S2-739502348,S2-773617994,S2-774139241,S2-788637934,S2-804627671,S2-811409070,S2-82493242,S2-860465082,S2-898171065,S2-899912281,S2-911358391,S2-945161916,S2-951945362,S2-967438873,S2-970220938,S2-970774230,S2-978867470,S3-115061195,S3-126904122,S3-132067707,S3-166218205,S3-168324608,S3-196565468,S3-221755697,S3-275349290,S3-28430063,S3-287055298,S3-306170136,S3-347732574,S3-38043078,S3-380951818,S3-393744173,S3-403301546,S3-432970517,S3-539654779,S3-563754134,S3-576297328,S3-583976138,S3-592073516,S3-604536112,S3-606924459,S3-635741056,S3-672948389,S3-702756807,S3-70460315,S3-713237036,S3-721177356,S3-739100742,S3-747487224,S3-825166358,S3-830387454,S3-830717300,S3-847355378,S3-854469227,S3-920959323,S3-921169035,S3-971463717,S3-973786081
S1-745775319	S2-129978919,S2-1380723,S2-159052178,S2-162935092,S2-191045664,S2-202894945,S2-208815786,S2-218886187,S2-245824134,S2-257371108,S2-263225599,S2-314399871,S2-384700865,S2-40008757,S2-427018,S2-444452024,S2-45652633,S2-459911423,S2-481114830,S2-48935959,S2-499421234,S2-574167542,S2-577210450,S2-690755560,S2-706238826,S2-714832359,S2-733673243,S2-735278233,S2-745169325,S2-756851853,S2-760074449,S2-773180947,S2-787008317,S2-798604219,S2-800239837,S2-804564527,S2-81124098,S2-823195976,S2-843074723,S2-846975420,S2-860247860,S2-874785034,S2-885166670,S2-903974955,S2-963602050,S3-122677241,S3-125798277,S3-127038053,S3-134263424,S3-163681077,S3-164307925,S3-1719547,S3-178951123,S3-207018248,S3-213712532,S3-217593258,S3-221183298,S3-247061270,S3-248484936,S3-275950606,S3-280202641,S3-297140067,S3-297498597,S3-315993616,S3-345133380,S3-392033622,S3-405178734,S3-462093754,S3-474009415,S3-481316967,S3-507389276,S3-518549724,S3-551114082,S3-561565653,S3-56569730,S3-571041914,S3-572561934,S3-652540300,S3-653714090,S3-655358737,S3-697450509,S3-71078873,S3-717061221,S3-726457220,S3-735453176,S3-744348692,S3-752251770,S3-786784392,S3-819560818,S3-835907584,S3-840693423,S3-853671937,S3-860590391,S3-928626449,S3-93217999,S3-948463945,S3-955100619,S3-965000606,S3-985145516,S3-992592351
S1-746273151	S2-103820926,S2-104836810,S2-122570602,S2-138709772,S2-145521404,S2-147364644,S2-16079282,S2-169988993,S2-180809434,S2-199669656,S2-209549510,S2-254584940,S2-263085427,S2-287872643,S2-303682581,S2-312125729,S2-315927317,S2-316509432,S2-330880608,S2-358183733,S2-38917398,S2-401417353,S2-409672248,S2-416532201,S2-447033408,S2-450032334,S2-45671081,S2-456957169,S2-457500956,S2-500481645,S2-512538748,S2-535762772,S2-538255489,S2-55434341,S2-574579190,S2-574914445,S2-581361436,S2-584060916,S2-585801078,S2-586812390,S2-589082789,S2-638208758,S2-686839872,S2-68836611,S2-716687956,S2-716961117,S2-734993182,S2-740211601,S2-742149781,S2-743951385,S2-758562449,S2-774596915,S2-775257870,S2-779023955,S2-782577678,S2-796710041,S2-835342793,S2-843060182,S2-863250621,S2-866650875,S2-874354006,S2-904727112,S2-904858604,S2-92868774,S2-931607563,S2-933993678,S2-93459822,S2-938114968,S2-94135068,S2-941759992,S2-957417654,S2-962605751,S2-966966606,S2-971746850,S2-991285925,S2-999927060,S3-149943641,S3-272718126,S3-349047075,S3-350262520,S3-415969054,S3-455904231,S3-462131477,S3-493756791,S3-523082102,S3-538882911,S3-56751236,S3-573282180,S3-591467370,S3-710881528,S3-712631452,S3-73387339,S3-741719955,S3-755016411,S3-758653507,S3-775613160,S3-790347559,S3-869725729,S3-913561936,S3-96312333
S1-748540962	S2-133379329,S2-13797197,S2-157547508,S2-167460619,S2-183994815,S2-207720575,S2-212539797,S2-25579731,S2-274026588,S2-29161970,S2-310750719,S2-322687527,S2-326801959,S2-329607640,S2-339750053,S2-370665662,S2-406590999,S2-428658484,S2-433677001,S2-436674426,S2-459357713,S2-463474561,S2-487495973,S2-495647308,S2-496152314,S2-503157961,S2-513946517,S2-564667633,S2-578474611,S2-594722602,S2-627059958,S2-629103832,S2-683695538,S2-698239778,S2-702569533,S2-746168718,S2-755774218,S2-802821766,S2-805608010,S2-814657101,S2-833227760,S2-864031506,S2-866879324,S2-879851513,S2-884762712,S2-91305348,S2-915278284,S2-915738729,S2-966134785,S2-97167161,S2-990819803,S2-995668096,S3-15080674,S3-170148818,S3-173620596,S3-199724223,S3-203392629,S3-204435910,S3-213194764,S3-21825866,S3-221540281,S3-229107813,S3-235663253,S3-250398729,S3-309294872,S3-335296225,S3-358821275,S3-44004966,S3-446482196,S3-479249803,S3-522992644,S3-584170524,S3-587791501,S3-609271984,S3-615027902,S3-632507748,S3-637976983,S3-644979463,S3-647704853,S3-672252125,S3-68737801,S3-701469249,S3-70230145,S3-731918750,S3-741465158,S3-748227766,S3-752577090,S3-798844700,S3-807684694,S3-839356209,S3-848863582,S3-850459988,S3-869187772,S3-874931605,S3-89791001,S3-911806843,S3-949357823,S3-950528787,S3-95187738,S3-954711163
S1-760816941	S2-114428657,S2-160694137,S2-234361832,S2-26651301,S2-313270079,S2-372892190,S2-496500351,S2-607429289,S2-608841951,S2-816119025,S2-850499815,S2-917557484,S3-104821625,S3-130861131,S3-150714163,S3-26193075,S3-279320155,S3-336501543,S3-36701326,S3-407257627,S3-423846422,S3-425357170,S3-428857861,S3-461388509,S3-47099898,S3-492160910,S3-505730760,S3-527071780,S3-563078456,S3-567634356,S3-573532210,S3-58857709,S3-596852764,S3-601550279,S3-616203059,S3-637567309,S3-685343661,S3-685921773,S3-699088038,S3-821516081,S3-82418772,S3-843615821,S3-853143791,S3-878882119,S3-957728273,S3-973803423
S1-762326721	S2-103820926,S2-104836810,S2-122570602,S2-138709772,S2-142962200,S2-145521404,S2-147364644,S2-16079282,S2-169988993,S2-180809434,S2-199669656,S2-209549510,S2-254584940,S2-263085427,S2-287872643,S2-303682581,S2-312125729,S2-315927317,S2-316509432,S2-330880608,S2-358183733,S2-38917398,S2-401417353,S2-409672248,S2-416532201,S2-447033408,S2-450032334,S2-45671081,S2-456957169,S2-457500956,S2-500481645,S2-512538748,S2-535762772,S2-538255489,S2-55434341,S2-574579190,S2-574914445,S2-581361436,S2-584060916,S2-585801078,S2-586812390,S2-589082789,S2-638208758,S2-686839872,S2-68836611,S2-716687956,S2-716961117,S2-734993182,S2-740211601,S2-742149781,S2-743951385,S2-758562449,S2-774596915,S2-775257870,S2-779023955,S2-782577678,S2-796710041,S2-835342793,S2-843060182,S2-863250621,S2-866650875,S2-874354006,S2-904727112,S2-904858604,S2-92868774,S2-931607563,S2-933993678,S2-93459822,S2-938114968,S2-94135068,S2-941759992,S2-957417654,S2-962605751,S2-966966606,S2-971746850,S2-991285925,S2-999927060,S3-149943641,S3-272718126,S3-349047075,S3-350262520,S3-415969054,S3-455904231,S3-462131477,S3-493756791,S3-523082102,S3-538882911,S3-56751236,S3-573282180,S3-591467370,S3-710881528,S3-712631452,S3-73387339,S3-741719955,S3-755016411,S3-758653507,S3-775613160,S3-790347559,S3-869725729,S3-96312333
S1-771350895	S2-10068244,S2-102533471,S2-118258458,S2-18218879,S2-226131358,S2-256451765,S2-262351654,S2-29108033,S2-32982164,S2-339298331,S2-364930016,S2-378054793,S2-445965866,S2-466387433,S2-477993186,S2-506533915,S2-51981016,S2-560263186,S2-572195460,S2-58260214,S2-585413507,S2-604666910,S2-613033624,S2-661140913,S2-704043083,S2-704827625,S2-707136681,S2-711514278,S2-734833318,S2-778927796,S2-799748371,S2-802048451,S2-825274870,S2-847335213,S2-847408459,S2-860534246,S2-874798412,S2-901324869,S2-947498857,S2-948382510,S2-96201237,S2-981550471,S2-988123906,S3-113665630,S3-13674112,S3-13842655,S3-144677180,S3-157785346,S3-179672717,S3-185790208,S3-188287639,S3-189577862,S3-26497562,S3-280540769,S3-296391726,S3-322544583,S3-331944027,S3-347508780,S3-353803678,S3-356826653,S3-376333136,S3-416344471,S3-423494069,S3-47479526,S3-480630817,S3-484773852,S3-488337976,S3-493730758,S3-522855835,S3-561402150,S3-565528166,S3-569609992,S3-576010648,S3-592303661,S3-665288219,S3-678876952,S3-687187929,S3-697450509,S3-702122768,S3-705636917,S3-718900139,S3-727146667,S3-734859820,S3-760013898,S3-778850752,S3-817379678,S3-824615989,S3-828488045,S3-843224888,S3-845882332,S3-848749332,S3-853711369,S3-860243718,S3-896451291,S3-904865577,S3-920801248,S3-920958543,S3-968989952,S3-972977528,S3-979530754
S1-778632723	S2-117325459,S2-135614157,S2-153838435,S2-161956716,S2-162892661,S2-172745464,S2-186477879,S2-187389404,S2-190833339,S2-204189354,S2-220596390,S2-225147088,S2-25350183,S2-26126776,S2-305949972,S2-3072135,S2-322926562,S2-327450229,S2-404958972,S2-436563129,S2-473891030,S2-474356307,S2-499744247,S2-51043049,S2-512349200,S2-537854766,S2-544270204,S2-547284177,S2-565766655,S2-569007716,S2-601185190,S2-621149848,S2-629275472,S2-65887700,S2-689834927,S2-695972284,S2-698458738,S2-712343515,S2-717160791,S2-720823918,S2-732957311,S2-775675743,S2-776285729,S2-79035894,S2-800749503,S2-804872908,S2-858319927,S2-862291746,S2-877875891,S2-893690749,S2-895970227,S2-937748112,S2-940469449,S2-958597826,S2-967923960,S2-973292523,S3-101503617,S3-130838779,S3-170629319,S3-222619924,S3-229988428,S3-277598081,S3-284926291,S3-300104137,S3-326169457,S3-332605405,S3-340746469,S3-355631180,S3-357215117,S3-362638952,S3-363222255,S3-376084038,S3-389077125,S3-418340696,S3-45425714,S3-480828286,S3-55034940,S3-553988599,S3-57190679,S3-57319043,S3-61134758,S3-615367524,S3-618846612,S3-619542381,S3-632012482,S3-64523595,S3-665760996,S3-696230461,S3-703216998,S3-724907378,S3-735993006,S3-821867025,S3-848602708,S3-863075341,S3-87570883,S3-899597068,S3-903713633,S3-945713137,S3-981247549,S3-987810850
S1-78424718	S2-137278449,S2-193026221,S2-239334407,S2-388400441,S2-394115248,S2-445420919,S2-537423916,S2-552033015,S2-594381269,S2-600130018,S2-659300097,S2-676940522,S2-735364629,S2-750708611,S2-923241077,S2-933864043,S2-980290221,S3-300360845,S3-341296490,S3-353910299,S3-40309142,S3-48308573,S3-506284920,S3-519402682,S3-521214506,S3-529704754,S3-546666545,S3-561402150,S3-653904983,S3-708947225,S3-797995460,S3-808225728,S3-835902343,S3-936203858,S3-96530817,S3-96692216
S1-790887991	S2-151095420,S2-168143357,S2-188820988,S2-200396547,S2-200464422,S2-252428268,S2-303809454,S2-316871270,S2-320477902,S2-33704655,S2-357545160,S2-366207537,S2-367097323,S2-374750542,S2-378024681,S2-379146677,S2-385376546,S2-414298050,S2-418577059,S2-423519674,S2-439926211,S2-455298695,S2-474827065,S2-47812476,S2-491497761,S2-516433568,S2-520839915,S2-521781927,S2-543696907,S2-550265337,S2-557514146,S2-566548079,S2-606821631,S2-626012117,S2-649526366,S2-651708958,S2-653700700,S2-665940290,S2-667298521,S2-69214320,S2-699733797,S2-720057792,S2-731203224,S2-733497100,S2-73710322,S2-75129136,S2-754974892,S2-756606845,S2-770612182,S2-772323364,S2-783593711,S2-785589800,S2-789935686,S2-791849792,S2-799277276,S2-807375380,S2-814528835,S2-826459322,S2-826470477,S2-853540501,S2-85794251,S2-879617590,S2-942267364,S2-946158355,S2-967569498,S2-973859605,S2-983411135,S2-998640273,S3-155064393,S3-173955567,S3-216530787,S3-232343071,S3-239036346,S3-248788294,S3-392050663,S3-423649736,S3-449890622,S3-45327783,S3-466018880,S3-475226933,S3-499167726,S3-501329783,S3-547623946,S3-566688082,S3-586574771,S3-604418642,S3-658915291,S3-703821326,S3-704488374,S3-738864801,S3-754328032,S3-772584545,S3-802836885,S3-819821997,S3-833829017,S3-85300534,S3-923348166,S3-936203858,S3-941045702,S3-987793237
S1-791217329	S2-116748146,S2-191866478,S2-211872713,S2-213874601,S2-25954937,S2-274905162,S2-284414256,S2-285031669,S2-285476252,S2-287740185,S2-296869138,S2-305508408,S2-306151879,S2-313048014,S2-322831392,S2-332376933,S2-335124172,S2-337546861,S2-346341564,S2-356986111,S2-369458829,S2-40008757,S2-440751152,S2-450859061,S2-470497584,S2-487988118,S2-512030745,S2-514970066,S2-527422854,S2-541449340,S2-561353544,S2-565073472,S2-571416279,S2-586734904,S2-614282312,S2-618275000,S2-62697433,S2-678818787,S2-683131470,S2-694009134,S2-747473857,S2-752646697,S2-758188088,S2-763108962,S2-772679465,S2-814881099,S2-816504980,S2-855048394,S2-867204681,S2-878639783,S2-883003463,S2-88312221,S2-903446816,S2-911831773,S2-936867164,S2-936884379,S2-946825174,S2-947498857,S2-955285209,S2-956118564,S2-964581929,S3-119777987,S3-121756813,S3-145777193,S3-164166409,S3-189513029,S3-212534587,S3-213712532,S3-275349290,S3-29284590,S3-386654363,S3-427285965,S3-445901533,S3-477158581,S3-479236077,S3-520785397,S3-53506436,S3-53737228,S3-541774476,S3-560301253,S3-570627373,S3-603860765,S3-610339898,S3-648552797,S3-650244808,S3-681024247,S3-753125827,S3-766461982,S3-820598415,S3-83727805,S3-887061839,S3-895567106,S3-931705895,S3-932336301,S3-942152201,S3-944045977,S3-953974076,S3-957131208,S3-96599439,S3-983937391
S1-800528107	S2-115050976,S2-129100147,S2-135617526,S2-148683077,S2-160964143,S2-164646602,S2-185537657,S2-18656630,S2-236800702,S2-286206877,S2-314817462,S2-316856729,S2-341350419,S2-355100103,S2-402409494,S2-44198918,S2-457914574,S2-471156571,S2-478718426,S2-491028094,S2-519831009,S2-533545156,S2-534318812,S2-551135668,S2-555306989,S2-558810485,S2-566882323,S2-581685829,S2-594577130,S2-662169517,S2-675303492,S2-690657005,S2-717958152,S2-738257173,S2-746095041,S2-761572781,S2-772959226,S2-786544564,S2-792859805,S2-796462224,S2-841911842,S2-88188079,S2-882819261,S2-89364295,S2-922445381,S2-931860867,S2-941705978,S2-95209143,S2-980254018,S3-1322272,S3-140816836,S3-190135542,S3-256581225,S3-302162790,S3-35900036,S3-371793249,S3-388245827,S3-392050663,S3-404343538,S3-434978170,S3-513278545,S3-522401218,S3-560793353,S3-577453230,S3-578079421,S3-607506773,S3-621523076,S3-622908701,S3-631709281,S3-641145275,S3-673998056,S3-6820574,S3-686194906,S3-701301535,S3-706529545,S3-720525766,S3-721753816,S3-742577705,S3-780098660,S3-788200362,S3-839065424,S3-844109750,S3-854676915,S3-863853742,S3-872352971,S3-886662407,S3-914813088,S3-917660864,S3-924401152,S3-959745884,S3-997274101
S1-801645099	S2-126506454,S2-186918703,S2-204792293,S2-25178517,S2-268932954,S2-286638694,S2-314925002,S2-316056807,S2-330011667,S2-33794098,S2-360197377,S2-422823833,S2-575478846,S2-642055674,S2-679551203,S2-683588684,S2-697193741,S2-699500794,S2-72836343,S2-752654978,S2-754186715,S2-773208378,S2-784152114,S2-819424059,S2-840169179,S2-864905500,S2-879440884,S2-9696725,S2-990503276,S2-998464291,S3-148697917,S3-151264068,S3-406174233,S3-439303317,S3-48134841,S3-523963273,S3-544984497,S3-580626791,S3-606351901,S3-610191200,S3-687187929,S3-810267966,S3-814722980,S3-824492854,S3-880022317
S1-807555566	S2-101808060,S2-10615658,S2-122498745,S2-127849472,S2-168155270,S2-183283633,S2-195992599,S2-238971069,S2-265754056,S2-281298862,S2-305360818,S2-33267509,S2-363534521,S2-406417949,S2-428875120,S2-445109396,S2-473213725,S2-477171381,S2-494655227,S2-496777850,S2-499198461,S2-510169390,S2-515976546,S2-524001226,S2-538980944,S2-542732821,S2-557520173,S2-558442576,S2-563814105,S2-579015405,S2-590951786,S2-598985159,S2-600433503,S2-627744896,S2-63261077,S2-634114710,S2-646274481,S2-660992567,S2-694336347,S2-702110384,S2-717551722,S2-730242355,S2-742406486,S2-750070041,S2-753872176,S2-765929286,S2-774316610,S2-775277359,S2-782327615,S2-812149244,S2-821750605,S2-823150485,S2-841390605,S2-852365571,S2-944858071,S2-950466776,S2-956811797,S2-975266530,S2-983318792,S3-113979021,S3-131719581,S3-145749905,S3-149254300,S3-17097301,S3-17736326,S3-212630970,S3-257701115,S3-264391391,S3-284803356,S3-294364613,S3-295659218,S3-296988916,S3-31850482,S3-345149510,S3-374680677,S3-423560407,S3-505296768,S3-513565993,S3-514041989,S3-519497142,S3-547742386,S3-570726077,S3-592751479,S3-610385177,S3-641258314,S3-668977335,S3-67061559,S3-710576969,S3-73330501,S3-740023528,S3-745719143,S3-748482143,S3-778995481,S3-779066850,S3-783300899,S3-792548532,S3-862885341,S3-915109447,S3-975720139,S3-990274579
S1-816183362	S2-100901770,S2-106408832,S2-117046778,S2-123204923,S2-128076983,S2-129808262,S2-134697040,S2-240010318,S2-28971519,S2-315281031,S2-330403685,S2-337282143,S2-356220463,S2-412280379,S2-476111309,S2-53989051,S2-573664342,S2-617467150,S2-654925978,S2-66508600,S2-746566824,S2-75150479,S2-759983025,S2-776285729,S2-781672259,S2-795672448,S2-803814098,S2-845345337,S2-911868107,S2-95450902,S2-967591807,S3-144340780,S3-171804547,S3-25538547,S3-268105773,S3-290664485,S3-312811386,S3-41462062,S3-418315569,S3-473223915,S3-501961868,S3-51616369,S3-519074811,S3-531211291,S3-568564318,S3-61739004,S3-679306055,S3-686023876,S3-710027850,S3-726039825,S3-759294915,S3-764890549,S3-848526602
S1-820196196	S2-111472287,S2-122125858,S2-138840395,S2-149993837,S2-17467398,S2-195224749,S2-200200363,S2-214717915,S2-28413258,S2-292719735,S2-308663635,S2-360197377,S2-378822479,S2-392473632,S2-425305465,S2-503533049,S2-507453560,S2-513902201,S2-515649417,S2-543842527,S2-555546830,S2-712777388,S2-732707735,S2-733943635,S2-74052241,S2-744685697,S2-748349171,S2-792859805,S2-830436713,S2-928690827,S2-950910173,S2-968737415,S2-979515993,S2-98149180,S2-989301541,S3-1145145,S3-149929526,S3-150202850,S3-154710116,S3-170663312,S3-194809064,S3-198773437,S3-208318362,S3-274677055,S3-28695133,S3-295741124,S3-307719506,S3-311678543,S3-311870926,S3-315734162,S3-436439135,S3-438480250,S3-460471878,S3-489099381,S3-530203642,S3-54780922,S3-566053310,S3-577857740,S3-58973096,S3-591945193,S3-594356120,S3-61085876,S3-625040554,S3-6337971,S3-647215233,S3-6505535,S3-690439476,S3-713929111,S3-717402986,S3-719087539,S3-737918265,S3-758868527,S3-766461982,S3-797863103,S3-801701830,S3-819390670,S3-82799350,S3-83144758,S3-854866925,S3-85769066,S3-895596438,S3-904401060,S3-935300288,S3-962339909,S3-963206987,S3-967064271,S3-998833376
S1-829163315	S2-119596541,S2-153204393,S2-167240202,S2-171100423,S2-181370304,S2-192596768,S2-195421473,S2-214082708,S2-229735508,S2-260455971,S2-287188667,S2-306472606,S2-314356998,S2-382500675,S2-398630428,S2-410013422,S2-417369823,S2-419030099,S2-42802754,S2-451325879,S2-467121958,S2-472549533,S2-475820176,S2-476886549,S2-495925546,S2-50026855,S2-53438970,S2-551200197,S2-560657608,S2-567736468,S2-587381188,S2-628011193,S2-642972375,S2-682446065,S2-699380075,S2-702862423,S2-717368863,S2-723238705,S2-727344061,S2-737296592,S2-741298163,S2-757049113,S2-784826184,S2-815683978,S2-836777625,S2-84805581,S2-863652256,S2-872156683,S2-87354174,S2-877014045,S2-895791781,S2-914673196,S2-918655668,S2-929443380,S2-946447205,S2-965910760,S2-974327109,S3-117453037,S3-125177076,S3-133150181,S3-198644405,S3-205801706,S3-21975951,S3-23068853,S3-237992310,S3-262933023,S3-265715613,S3-290950071,S3-309654947,S3-320661584,S3-420766091,S3-424928776,S3-428015546,S3-448534540,S3-520121653,S3-57620025,S3-578255159,S3-599444605,S3-602012413,S3-681855201,S3-69691677,S3-708231041,S3-711189905,S3-713864177,S3-738310180,S3-741689224,S3-741730337,S3-742143563,S3-745695566,S3-752803117,S3-771073356,S3-788984169,S3-828349289,S3-84389449,S3-85649540,S3-870019555,S3-876081265,S3-903148056,S3-937789417,S3-953559978
S1-831843558	S2-113847874,S2-144850842,S2-166606349,S2-192036277,S2-261600606,S2-286201851,S2-311609470,S2-322027588,S2-328308841,S2-388976005,S2-511472460,S2-518657430,S2-556383672,S2-558654912,S2-568026492,S2-580815414,S2-600433897,S2-702965552,S2-715503529,S2-767018785,S2-772551822,S2-775168980,S2-787819112,S2-808694908,S2-846842010,S2-862876636,S2-864622434,S2-876128288,S2-954237935,S2-98234472,S3-107082368,S3-110123169,S3-129800260,S3-167109478,S3-204230706,S3-275174696,S3-292769056,S3-33014191,S3-359944588,S3-477429580,S3-485317167,S3-488684831,S3-496690489,S3-522585836,S3-546804221,S3-578159284,S3-589148780,S3-593696458,S3-600525069,S3-614615975,S3-69438667,S3-75689772,S3-80474514,S3-818650523,S3-853496157,S3-873497478,S3-927806291,S3-929246324,S3-930202812,S3-958594951,S3-964998085,S3-979066070,S3-979942586,S3-98400904
S1-832593986	S2-10006430,S2-111042672,S2-118448865,S2-140810218,S2-174609481,S2-224869315,S2-226551251,S2-234929684,S2-268440438,S2-293954065,S2-29571350,S2-303327441,S2-31009230,S2-318105691,S2-327754083,S2-367210328,S2-392587641,S2-397129113,S2-472431733,S2-47799063,S2-493606306,S2-50391215,S2-517995133,S2-523953646,S2-526719108,S2-528810805,S2-537045940,S2-537583427,S2-540149861,S2-541910068,S2-552335474,S2-553261410,S2-576816251,S2-602732110,S2-684000695,S2-684576096,S2-709576782,S2-723928973,S2-741154187,S2-741378178,S2-744359151,S2-761491148,S2-761970277,S2-781600692,S2-783333286,S2-801379019,S2-848687795,S2-851472373,S2-854951998,S2-866799523,S2-89906125,S2-919080460,S2-940240024,S2-941914675,S2-949079052,S2-982322804,S2-983824538,S3-125472804,S3-129800260,S3-139191505,S3-146533201,S3-157274801,S3-18532307,S3-204803284,S3-205242376,S3-248922235,S3-288968019,S3-2972631,S3-323127877,S3-336554163,S3-382713933,S3-384442706,S3-396449814,S3-420792247,S3-42167505,S3-4487716,S3-490220171,S3-493393233,S3-511099787,S3-523101645,S3-569747762,S3-595504729,S3-597307806,S3-645634184,S3-669068505,S3-697137587,S3-7065725,S3-718782712,S3-75273406,S3-762825829,S3-802612422,S3-838721272,S3-846066823,S3-857273901,S3-867455006,S3-902831029,S3-91364038,S3-944817548,S3-945891219,S3-955061382
S1-834788095	S2-112034896,S2-120435667,S2-19508351,S2-331387013,S2-355459398,S2-38453631,S2-416300306,S2-427211906,S2-470549697,S2-487925537,S2-527989963,S2-585819207,S2-622519132,S2-623956565,S2-688798385,S2-723956284,S2-724723594,S2-726421800,S2-746709159,S2-759079441,S2-766445983,S2-774278153,S2-785320108,S2-811746064,S2-854060728,S2-871018688,S2-893222499,S2-90627577,S2-910086025,S2-947318362,S2-961444712,S2-974165173,S2-98198591,S2-992352679,S3-145149076,S3-164601885,S3-213325586,S3-227082747,S3-249055802,S3-249530287,S3-257000231,S3-277203812,S3-29219040,S3-307736579,S3-33396949,S3-368317788,S3-384990186,S3-390223587,S3-399131743,S3-402867760,S3-405941134,S3-409218182,S3-414411624,S3-429032499,S3-439043205,S3-441118478,S3-441697244,S3-459392453,S3-463534703,S3-496145534,S3-499028395,S3-588124822,S3-597951259,S3-61999533,S3-654749391,S3-695535384,S3-714094807,S3-719863023,S3-723376214,S3-779861274,S3-881165482,S3-886719039,S3-899327048,S3-93704936,S3-950636309,S3-959990185,S3-975220856,S3-989094652,S3-996415046
S1-844412430	S2-125741685,S2-158098044,S2-158619194,S2-159023381,S2-241866203,S2-26670373,S2-33383115,S2-335490395,S2-355373795,S2-356466612,S2-373469672,S2-40512292,S2-411462423,S2-413841442,S2-439380937,S2-55691462,S2-55907847,S2-56644207,S2-578936080,S2-598759723,S2-661240700,S2-669243863,S2-675348874,S2-688377820,S2-778859023,S2-784007294,S2-797854416,S2-854420050,S2-949826995,S2-961159582,S2-962535505,S3-115463182,S3-154861580,S3-164935039,S3-179180087,S3-181006973,S3-224828597,S3-250804482,S3-26410598,S3-276168870,S3-330489203,S3-348175421,S3-36016512,S3-371284066,S3-398025352,S3-404549545,S3-434366088,S3-476017452,S3-516675047,S3-608301853,S3-637680655,S3-654423808,S3-662528006,S3-679607781,S3-680771688,S3-696436236,S3-705222820,S3-713678166,S3-781852341,S3-806369924,S3-81668223,S3-848343146,S3-851047342,S3-866371209,S3-882737548,S3-894984612,S3-935472925,S3-937604614,S3-942513969,S3-949157895,S3-972943517,S3-995956436
S1-852026470	S2-108065880,S2-116748146,S2-12708411,S2-140620261,S2-149370940,S2-187499079,S2-199258806,S2-204621140,S2-212955583,S2-22060258,S2-234275905,S2-25954937,S2-268504009,S2-293441687,S2-299009362,S2-306696462,S2-326621295,S2-344874334,S2-357197766,S2-376395045,S2-395218342,S2-396009333,S2-403608296,S2-416296389,S2-427018,S2-507728302,S2-519859158,S2-566676508,S2-578214121,S2-591712282,S2-608615424,S2-613033624,S2-624764923,S2-628121208,S2-631415169,S2-639470462,S2-672980284,S2-679193324,S2-686378507,S2-692229560,S2-701990716,S2-723001719,S2-743693753,S2-749893962,S2-75129136,S2-762701683,S2-782971697,S2-783345185,S2-786046144,S2-814528835,S2-839180643,S2-846422993,S2-859569962,S2-915815653,S2-938658149,S2-942858415,S2-943721935,S2-950381919,S2-950767443,S2-964998542,S2-977564977,S2-990119436,S3-112257298,S3-120391741,S3-138745064,S3-145777193,S3-150237306,S3-194277180,S3-211843256,S3-256483259,S3-25972888,S3-300865467,S3-303137571,S3-322668156,S3-342178651,S3-416585247,S3-428020321,S3-436017154,S3-439413671,S3-446482196,S3-45248844,S3-502596413,S3-546796887,S3-547246239,S3-565528166,S3-60355966,S3-63144932,S3-636871971,S3-649465318,S3-652795729,S3-727635639,S3-740628852,S3-743727618,S3-765785401,S3-792606740,S3-820473898,S3-882056435,S3-948463945,S3-959064940,S3-991942273
S1-85210897	S2-122323942,S2-140298567,S2-252156394,S2-287729619,S2-434166125,S2-456984958,S2-472818132,S2-481377128,S2-489640596,S2-538291415,S2-600211546,S2-609150125,S2-639672397,S2-676940522,S2-756488329,S2-75912392,S2-764760426,S2-845433928,S2-848506037,S2-934934406,S2-966258228,S3-178435905,S3-192736985,S3-197424360,S3-216898322,S3-223986947,S3-23624019,S3-279515479,S3-296431933,S3-299649123,S3-339461125,S3-4038575,S3-453708551,S3-495516292,S3-502384247,S3-503646152,S3-603466968,S3-67565302,S3-738639817,S3-743184476,S3-83872824,S3-853417833,S3-867586906,S3-898721897,S3-951933478,S3-973318316,S3-977982514,S3-996431609
S1-854319024	S2-102304049,S2-140036589,S2-192291895,S2-232484718,S2-276312987,S2-282390486,S2-282908996,S2-341037148,S2-356735547,S2-361230651,S2-401527448,S2-40577382,S2-406200887,S2-41514279,S2-423147414,S2-460184311,S2-467092618,S2-46771753,S2-476349918,S2-483772700,S2-487383344,S2-514714174,S2-53010619,S2-532409011,S2-540931339,S2-544612526,S2-638929694,S2-646356894,S2-653441852,S2-674212082,S2-699501230,S2-72928854,S2-729358922,S2-731943701,S2-764713035,S2-769716297,S2-779430778,S2-794549290,S2-798018002,S2-824783934,S2-862770324,S2-874743901,S2-94420973,S2-951789258,S2-977762332,S2-983459442,S2-994205937,S3-113675795,S3-122665337,S3-161822055,S3-168554741,S3-204300421,S3-231475755,S3-269584157,S3-280031997,S3-328758263,S3-346506599,S3-350515520,S3-355408555,S3-374337744,S3-374693493,S3-431902626,S3-43428103,S3-438965263,S3-444228304,S3-448167934,S3-450367967,S3-477238293,S3-479428051,S3-495206311,S3-495227950,S3-510827483,S3-566829296,S3-575021389,S3-616761805,S3-638845108,S3-649778019,S3-690005762,S3-712257276,S3-733335439,S3-750305009,S3-754421830,S3-769564307,S3-78788214,S3-804219424,S3-806347666,S3-817218186,S3-825387589,S3-848578549,S3-859468105,S3-861882644,S3-87534056,S3-877411029,S3-902734898,S3-930026015,S3-942030907,S3-966218400,S3-968697121,S3-974234595,S3-987022284
S1-862093695	S2-107084024,S2-114315780,S2-188571748,S2-227109393,S2-23429662,S2-251562738,S2-254660971,S2-283268904,S2-319464336,S2-319533498,S2-344591721,S2-355412167,S2-356420499,S2-370328143,S2-384114386,S2-391690066,S2-402878740,S2-42657227,S2-446792539,S2-464940851,S2-472431733,S2-474506836,S2-483642639,S2-502221528,S2-505906911,S2-534492273,S2-540035112,S2-543545148,S2-555178925,S2-558937618,S2-589966270,S2-630442363,S2-640558071,S2-651742883,S2-706697011,S2-71874881,S2-7281724,S2-741097609,S2-767826927,S2-771082932,S2-779889991,S2-817591733,S2-835057637,S2-840895255,S2-877617898,S2-879985689,S2-944772275,S2-960771041,S2-970203166,S2-998668638,S3-110418169,S3-120983806,S3-122459425,S3-133824400,S3-137394762,S3-144046216,S3-146537302,S3-152533986,S3-189537475,S3-218335406,S3-238418572,S3-242395421,S3-264888249,S3-293689839,S3-294737865,S3-297303782,S3-297617221,S3-30241418,S3-312876911,S3-339480290,S3-35885295,S3-384453012,S3-41813271,S3-464152001,S3-475367941,S3-479731920,S3-490305685,S3-538117808,S3-554003357,S3-555415883,S3-605976026,S3-638579698,S3-653768648,S3-657848149,S3-67559056,S3-707753783,S3-72385415,S3-736679241,S3-774000901,S3-783971549,S3-797133355,S3-797813881,S3-853384935,S3-883336211,S3-924871142,S3-951796705,S3-953162040,S3-959430636,S3-965452516,S3-975403146
S1-866369736	S2-126761070,S2-157392665,S2-17984306,S2-195282062,S2-201503672,S2-209372229,S2-247586165,S2-280569668,S2-307871979,S2-316728650,S2-348789755,S2-353920232,S2-362715401,S2-365096291,S2-367813838,S2-369527493,S2-369937931,S2-439046249,S2-497749133,S2-522981953,S2-548353339,S2-555724821,S2-569491553,S2-580478902,S2-583492953,S2-607468220,S2-60995426,S2-61695206,S2-61819749,S2-62214818,S2-664222072,S2-676211559,S2-682071600,S2-688167820,S2-699781558,S2-701119632,S2-716241994,S2-728997290,S2-756481150,S2-760527250,S2-7809937,S2-804615322,S2-80952010,S2-829607124,S2-854459566,S2-875966865,S2-876220008,S2-898512456,S2-908777030,S2-922243833,S2-93829291,S2-941175060,S2-941496346,S2-950012781,S2-97436758,S2-974438099,S3-112285724,S3-12064888,S3-142897057,S3-14953240,S3-173598665,S3-177660727,S3-189633936,S3-226426166,S3-33132896,S3-354555272,S3-389881115,S3-416832604,S3-43191970,S3-44564355,S3-455313771,S3-500645,S3-514740220,S3-516241464,S3-521605235,S3-527090333,S3-550975295,S3-58442757,S3-616225586,S3-630097790,S3-632184316,S3-64313028,S3-66082899,S3-663866449,S3-67177187,S3-739538201,S3-759954372,S3-762928204,S3-763696279,S3-767000438,S3-806999466,S3-827055466,S3-855328569,S3-868297922,S3-870384311,S3-897425221,S3-914678452,S3-928218568,S3-940412992,S3-976003929
S1-869118709	S2-108313987,S2-108945591,S2-114971268,S2-118711492,S2-120369605,S2-133308166,S2-16260387,S2-182921717,S2-189066909,S2-200626985,S2-216470228,S2-219133326,S2-224032436,S2-224980295,S2-245024186,S2-26760280,S2-271901025,S2-30830908,S2-314165942,S2-346922998,S2-360326943,S2-36165230,S2-363779880,S2-371437571,S2-379118065,S2-396009333,S2-397718123,S2-409657574,S2-412024214,S2-428097788,S2-436225620,S2-449997657,S2-458658981,S2-466142484,S2-494430593,S2-496438430,S2-500197552,S2-502406312,S2-512133127,S2-520769631,S2-521665381,S2-536231721,S2-539066227,S2-559827120,S2-560263186,S2-574487035,S2-57473027,S2-584202014,S2-59450333,S2-597540516,S2-609895919,S2-640571137,S2-659006722,S2-660319857,S2-662947850,S2-675076934,S2-687617807,S2-710648130,S2-725878569,S2-731682240,S2-76816479,S2-770435205,S2-790231810,S2-792073969,S2-798604219,S2-818687100,S2-820645328,S2-851147060,S2-85163295,S2-853399841,S2-863080712,S2-865745597,S2-877479417,S2-907018183,S2-911750057,S2-91305348,S2-91984199,S2-92393326,S2-96826049,S2-971652107,S2-981307302,S2-988123906,S2-993991209,S3-102569660,S3-160669569,S3-194257320,S3-210693013,S3-462390871,S3-479950479,S3-49799597,S3-522855835,S3-583221588,S3-592749629,S3-614308226,S3-718050643,S3-722613867,S3-727053254,S3-826826301,S3-871652260,S3-987949855
S1-872627167	S2-11984599,S2-1209589,S2-12919946,S2-155898135,S2-168958761,S2-169181644,S2-18670662,S2-212286488,S2-216419718,S2-234588436,S2-246935360,S2-323559961,S2-370175855,S2-377809075,S2-378422472,S2-378820746,S2-433826412,S2-472195755,S2-486778080,S2-494311438,S2-57473027,S2-585050972,S2-596446650,S2-608447496,S2-651949024,S2-663227434,S2-668938769,S2-679190243,S2-693256682,S2-699733797,S2-699970234,S2-753769600,S2-772323364,S2-82544670,S2-844767517,S2-846047154,S2-847408459,S2-864600696,S2-906656301,S2-910146414,S2-915815653,S2-932545270,S2-933278322,S2-945020881,S3-120005144,S3-183613474,S3-206243548,S3-218976909,S3-225051020,S3-258995139,S3-262954767,S3-283319296,S3-340365120,S3-35183835,S3-354267029,S3-362729259,S3-366203679,S3-371923635,S3-40925171,S3-410350189,S3-410514976,S3-44179996,S3-458082069,S3-464381537,S3-473903525,S3-475517952,S3-476345890,S3-500435823,S3-500930354,S3-532147591,S3-561402150,S3-563003313,S3-565430713,S3-581575145,S3-604855185,S3-617409472,S3-662999917,S3-663652167,S3-696324312,S3-696812632,S3-71418530,S3-716678885,S3-718901617,S3-757566572,S3-773725716,S3-776652518,S3-785048423,S3-788200362,S3-789266126,S3-833412616,S3-839309145,S3-850001855,S3-87591652,S3-903647572,S3-909124064,S3-920125741,S3-960427675,S3-973318316,S3-986292117,S3-997274101
S1-874041790	S2-106174634,S2-106976296,S2-117565798,S2-144916279,S2-148023344,S2-165395178,S2-167222374,S2-175751444,S2-249130467,S2-304667963,S2-328945826,S2-36879102,S2-391178953,S2-433431792,S2-434166125,S2-435976306,S2-444233011,S2-453594,S2-456052727,S2-487255322,S2-491442435,S2-504071169,S2-506270318,S2-513946517,S2-514823964,S2-534095600,S2-535511163,S2-555401643,S2-574121799,S2-599248984,S2-607345024,S2-625064314,S2-632243559,S2-636702130,S2-68547182,S2-699559560,S2-71307122,S2-719252618,S2-725878569,S2-749893962,S2-796770637,S2-802774091,S2-808715434,S2-816504980,S2-816555319,S2-826183841,S2-83226897,S2-886306151,S2-912435652,S2-970352127,S2-974126678,S2-979372621,S2-984588028,S3-140641604,S3-171256192,S3-173778612,S3-173829850,S3-178695886,S3-20242737,S3-247720987,S3-258774916,S3-279776999,S3-327012384,S3-384056927,S3-38687654,S3-418232358,S3-424585717,S3-445971990,S3-478524206,S3-496394605,S3-49668896,S3-515821472,S3-576010648,S3-581483396,S3-591945193,S3-604024177,S3-613987280,S3-627619807,S3-629429451,S3-64831248,S3-654683968,S3-656725017,S3-661586320,S3-718030188,S3-74095611,S3-743727618,S3-792493001,S3-798802306,S3-803536278,S3-810540742,S3-811012124,S3-828002542,S3-849107790,S3-859785113,S3-886815845,S3-938147612,S3-946834033,S3-962314263,S3-96234289,S3-968476116
S1-878632015	S2-114682807,S2-120452718,S2-154753033,S2-183557885,S2-212189707,S2-268132944,S2-285950292,S2-286891768,S2-287849182,S2-290606494,S2-292203464,S2-300329052,S2-311638132,S2-316590073,S2-316871270,S2-318025254,S2-318760119,S2-319744931,S2-320602361,S2-339298331,S2-340713624,S2-354995381,S2-362305188,S2-378024681,S2-381892246,S2-383148775,S2-399052000,S2-41846596,S2-426754123,S2-438736699,S2-445300809,S2-453507226,S2-4598824,S2-499627232,S2-505412477,S2-506507828,S2-507628391,S2-522363964,S2-538976068,S2-580101126,S2-580967499,S2-591314507,S2-594381269,S2-601475290,S2-620110385,S2-628121208,S2-655316441,S2-65623277,S2-663227434,S2-667390221,S2-672674442,S2-67456737,S2-6762534,S2-682538932,S2-708159493,S2-708727646,S2-710539502,S2-713633959,S2-715905554,S2-740739672,S2-741025643,S2-744018700,S2-749893962,S2-751803215,S2-754588191,S2-766311908,S2-772633753,S2-789450335,S2-795284924,S2-806902783,S2-807350147,S2-807872703,S2-808715434,S2-815268224,S2-831449937,S2-833227760,S2-834955077,S2-845573432,S2-851203163,S2-852526391,S2-864873698,S2-867362469,S2-896696403,S2-8982199,S2-899912281,S2-901974545,S2-913818679,S2-924136235,S2-937720083,S2-953815479,S2-954179493,S2-956118564,S2-974796269,S2-980024410,S2-984241859,S2-994558157,S2-996303190,S3-471541992,S3-671746462,S3-859137239
S1-883829621	S2-12995450,S2-1311848,S2-256577191,S2-381744135,S2-398858701,S2-405852552,S2-473561725,S2-551029733,S2-708630767,S2-712555235,S2-751613650,S2-79804768,S2-855170084,S2-898880623,S3-135494537,S3-217848046,S3-263887190,S3-274995573,S3-294481636,S3-312516944,S3-357435889,S3-379483194,S3-440832246,S3-476529711,S3-497129584,S3-520285425,S3-534687437,S3-550274069,S3-558849385,S3-56081360,S3-658320309,S3-740965445,S3-741465158,S3-754903323,S3-793622559,S3-819390670,S3-861968819,S3-967064271,S3-969954990,S3-972100595
S1-892577020	S2-191964218,S2-207084937,S2-218449904,S2-221622332,S2-225100350,S2-258299346,S2-280435218,S2-28480927,S2-297926954,S2-32554056,S2-353655649,S2-405681592,S2-408616163,S2-428282271,S2-437903902,S2-438182503,S2-45671081,S2-49942811,S2-578299513,S2-62214818,S2-642921016,S2-662107705,S2-676211559,S2-692264494,S2-721018371,S2-728052097,S2-744467012,S2-747793486,S2-760527250,S2-768716535,S2-794764405,S2-807830151,S2-810557555,S2-87583576,S2-878448261,S2-904727112,S2-909519831,S2-922243833,S2-935963978,S2-937509955,S2-96328877,S2-989158977,S3-184084358,S3-195112848,S3-201479203,S3-214151267,S3-226384310,S3-239262619,S3-241660299,S3-247453812,S3-251310303,S3-270670877,S3-286614192,S3-346689917,S3-352758621,S3-355681189,S3-367065089,S3-367459696,S3-38080595,S3-382216105,S3-384175839,S3-388649268,S3-42060739,S3-421280042,S3-431369048,S3-44013376,S3-442650749,S3-471648636,S3-533594676,S3-546216913,S3-550810425,S3-564846463,S3-567196315,S3-611589346,S3-619352752,S3-626342566,S3-631981937,S3-664791067,S3-666788789,S3-67729933,S3-698704990,S3-722189206,S3-739509240,S3-742169292,S3-761059017,S3-765518833,S3-78231225,S3-812006425,S3-818167939,S3-825047582,S3-837981135,S3-84965,S3-872190855,S3-883725070,S3-912025403,S3-933675880,S3-955670193,S3-962811929,S3-965809797,S3-983466333
S1-914958503	S2-101591517,S2-108927878,S2-119346048,S2-125586840,S2-136334363,S2-141766429,S2-14478748,S2-184695630,S2-190642185,S2-192653858,S2-19708180,S2-199924387,S2-201089624,S2-20312957,S2-210636419,S2-219201040,S2-228917785,S2-267478203,S2-311029819,S2-314165942,S2-336854488,S2-358756737,S2-360831214,S2-369458829,S2-424524873,S2-429232534,S2-443661008,S2-455543466,S2-48935959,S2-490667037,S2-501809454,S2-513937414,S2-518590135,S2-521500338,S2-52621928,S2-532776476,S2-589627793,S2-60604464,S2-644691786,S2-667390221,S2-689428234,S2-704773714,S2-708805617,S2-764601805,S2-797821871,S2-798972360,S2-802947478,S2-830424409,S2-846496174,S2-849117792,S2-850598644,S2-864300271,S2-884083511,S2-891050601,S2-942903224,S2-958833026,S2-970404152,S3-112436878,S3-130528087,S3-130700672,S3-142933131,S3-14360338,S3-158391836,S3-177049334,S3-178695886,S3-17915125,S3-179307825,S3-180760583,S3-206243548,S3-230572490,S3-242470318,S3-254527660,S3-255799386,S3-279149204,S3-2896685,S3-332030995,S3-384321766,S3-421438703,S3-43595868,S3-455084774,S3-458541725,S3-475226933,S3-494372643,S3-509442398,S3-563124831,S3-567233367,S3-597011393,S3-61744082,S3-647829000,S3-710072617,S3-752031433,S3-755977556,S3-78186866,S3-805023613,S3-825069507,S3-850453408,S3-851537171,S3-858147582,S3-910465695,S3-955752800
S1-915022305	S2-164498910,S2-199669656,S2-207964292,S2-220720253,S2-248793810,S2-263476479,S2-271555689,S2-297215873,S2-299108910,S2-312372957,S2-318399163,S2-318550556,S2-33237522,S2-341502969,S2-350800937,S2-358183733,S2-367619938,S2-410732890,S2-415177929,S2-418551982,S2-426056399,S2-448967653,S2-454714477,S2-464266370,S2-468756025,S2-46989188,S2-475305437,S2-480821739,S2-486281718,S2-490072749,S2-490732870,S2-50391215,S2-507192029,S2-508374208,S2-510383940,S2-518145813,S2-518413297,S2-521180185,S2-537342965,S2-55378143,S2-55434341,S2-569542739,S2-578165068,S2-591763223,S2-600197053,S2-613454283,S2-646867412,S2-650512870,S2-65378876,S2-654784858,S2-663913320,S2-666060563,S2-669658925,S2-682253670,S2-683539102,S2-693793327,S2-700693791,S2-704682305,S2-709331265,S2-71207926,S2-742149781,S2-747466359,S2-748555018,S2-78769581,S2-793614403,S2-808728262,S2-814565512,S2-823401038,S2-829980962,S2-830888138,S2-832692110,S2-835144110,S2-847882502,S2-849730555,S2-857216235,S2-874354006,S2-880486716,S2-895257258,S2-897712063,S2-905566596,S2-938114968,S2-944147628,S2-963300188,S2-97346546,S2-981698749,S2-985067449,S2-994698031,S3-218226022,S3-247638757,S3-293745452,S3-341396087,S3-371836862,S3-579264104,S3-588448060,S3-686689606,S3-715271205,S3-805246197,S3-806999466,S3-813080912,S3-931593905
S1-919867800	S3-198459316,S3-683526874
S1-920710760	S2-110025404,S2-137876921,S2-220149259,S2-252504575,S2-309303008,S2-368384203,S2-453892330,S2-485419143,S2-496203045,S2-514823964,S2-516212354,S2-526298158,S2-526412482,S2-555126224,S2-556588277,S2-574830306,S2-578095936,S2-584931141,S2-618965407,S2-652845135,S2-672674442,S2-686425569,S2-747264171,S2-759100128,S2-764166985,S2-768684246,S2-78682340,S2-791573351,S2-810987431,S2-8304739,S2-868574975,S2-877855660,S2-931339097,S2-970356675,S3-128424945,S3-140960235,S3-149496856,S3-182906686,S3-235318794,S3-256023069,S3-2701544,S3-294412910,S3-32980815,S3-352487898,S3-383226951,S3-405225997,S3-406174233,S3-471541992,S3-479951955,S3-56284193,S3-591562140,S3-620068963,S3-623446209,S3-668778955,S3-691267392,S3-726875344,S3-759966122,S3-792002600,S3-822854148,S3-828400872,S3-830347063,S3-842131954,S3-84971403,S3-850258191,S3-853720978,S3-855672261,S3-863853742,S3-883912304,S3-922300461,S3-957950100
S1-92768400	S2-106413714,S2-187500015,S2-303003106,S2-645830261,S2-710652107,S2-716495569,S2-721443742,S2-753298731,S2-879733027,S3-141702654,S3-199991711,S3-293348382,S3-337199692,S3-392104071,S3-494545753,S3-565048668,S3-650392639,S3-740241379,S3-929855082,S3-981086057
S1-942654297	S2-114171211,S2-126380926,S2-139852797,S2-149053652,S2-157551976,S2-169467607,S2-17518111,S2-189237944,S2-193232675,S2-219736692,S2-256518183,S2-316174229,S2-32370799,S2-33105288,S2-351107485,S2-372542500,S2-390461178,S2-3914789,S2-397718123,S2-411108314,S2-425455437,S2-428861032,S2-444317957,S2-444745943,S2-460222305,S2-509304091,S2-512511350,S2-513836299,S2-608841951,S2-624402487,S2-661914759,S2-662673311,S2-671283387,S2-673651545,S2-681568197,S2-705748435,S2-707981754,S2-725969272,S2-792859805,S2-796310966,S2-807204278,S2-853402300,S2-857044147,S2-870280188,S2-872966114,S2-880973204,S2-888362861,S2-898211285,S2-904009571,S2-913006655,S2-919075069,S2-953037948,S2-992199248,S3-125166682,S3-15894384,S3-199724223,S3-210565598,S3-218393151,S3-228327477,S3-242423733,S3-258020557,S3-29270703,S3-302895805,S3-330272680,S3-362030854,S3-386654363,S3-387069758,S3-414811734,S3-472329110,S3-474782819,S3-483519263,S3-516128204,S3-524217047,S3-566328140,S3-567464136,S3-588685107,S3-634808128,S3-647554132,S3-65143744,S3-662100607,S3-662386166,S3-709470866,S3-716416545,S3-744877570,S3-771387065,S3-78521456,S3-797531007,S3-799131747,S3-799578950,S3-813632089,S3-815433270,S3-839189434,S3-847790890,S3-851667676,S3-934998088,S3-949824629,S3-961089893,S3-979326755,S3-985816124,S3-991222395
S1-945793047	S2-107284193,S2-109938908,S2-131438681,S2-137876921,S2-147817802,S2-148466906,S2-161476122,S2-165416638,S2-167245478,S2-188856413,S2-192926861,S2-20571244,S2-213807488,S2-21967462,S2-231202008,S2-237999378,S2-245094898,S2-318760119,S2-335212938,S2-339750053,S2-362305188,S2-381892246,S2-3914789,S2-402165185,S2-425266798,S2-431057563,S2-433356897,S2-448604943,S2-467915387,S2-495647308,S2-534237463,S2-537829915,S2-551029733,S2-55271495,S2-554378599,S2-559501367,S2-566688803,S2-587027861,S2-594964349,S2-617346768,S2-627059958,S2-630518301,S2-649251901,S2-669828282,S2-672371124,S2-673054837,S2-681634213,S2-684321221,S2-701254328,S2-723970550,S2-727140300,S2-777367118,S2-778914169,S2-787038794,S2-797857062,S2-797964612,S2-807204278,S2-814528835,S2-855535637,S2-856448240,S2-864220986,S2-884639240,S2-892923793,S2-902116565,S2-908363331,S2-911263572,S2-915738729,S2-935533753,S2-943955488,S2-944765512,S2-948280510,S2-967901639,S2-97167161,S2-977190617,S2-984543883,S2-992897426,S3-15936877,S3-160010984,S3-260556321,S3-294412910,S3-318734160,S3-503394733,S3-556665703,S3-565866487,S3-584170524,S3-587791501,S3-632816662,S3-676836776,S3-686622408,S3-701988328,S3-750084078,S3-792824791,S3-899348640,S3-903433937,S3-904865577,S3-905358091,S3-91270427,S3-941558836,S3-954711163,S3-957950100
S1-948549202	S2-150305750,S2-168043586,S2-204617714,S2-26395860,S2-279764067,S2-361387824,S2-42106080,S2-43338697,S2-459107455,S2-499492723,S2-555440248,S2-56182220,S2-581436607,S2-581545150,S2-593730586,S2-615390785,S2-626445420,S2-632229436,S2-645732067,S2-654590133,S2-665284892,S2-665426130,S2-669061917,S2-677006217,S2-677922042,S2-689691524,S2-693785599,S2-74076768,S2-741490013,S2-76624148,S2-829041129,S2-849074551,S2-858554963,S2-863719075,S2-909519831,S2-92753902,S2-94382779,S2-948420471,S2-949265502,S2-959496667,S2-962945781,S2-96663199,S2-979119575,S2-999381076,S3-109331970,S3-160291218,S3-161905121,S3-197738083,S3-218389844,S3-251946583,S3-253560393,S3-290628343,S3-402206724,S3-421168241,S3-441424516,S3-447319371,S3-453912713,S3-488099301,S3-587537283,S3-627512873,S3-630633029,S3-64460076,S3-665989866,S3-670379119,S3-682491603,S3-72569141,S3-726189980,S3-743143986,S3-789923863,S3-796856187,S3-80323204,S3-896260847,S3-911293036,S3-928635067,S3-948982887,S3-955670193,S3-98219158
S1-95503899	S2-10587098,S2-130141140,S2-18352932,S2-231195947,S2-375265213,S2-400942794,S2-407995273,S2-425026378,S2-470659069,S2-50151525,S2-539190173,S2-557115288,S2-591174313,S2-62446720,S2-692895826,S2-736167731,S2-742684674,S2-743127438,S2-756104346,S2-779806265,S2-799457865,S2-826516454,S2-834716913,S2-848490165,S2-848946610,S2-851185635,S2-866763818,S2-962727305,S3-122683368,S3-134862502,S3-150466801,S3-174283148,S3-232343071,S3-248486478,S3-263247365,S3-272279633,S3-325032711,S3-337590885,S3-356720966,S3-383829037,S3-408212372,S3-42057109,S3-511346408,S3-546382646,S3-5909926,S3-619281146,S3-633314012,S3-651625453,S3-689746930,S3-692151827,S3-701420906,S3-712809256,S3-770867853,S3-779287634,S3-787004455,S3-821345067,S3-822735704,S3-850492211,S3-925314539,S3-994454051
S1-959189311	S2-168824257,S2-177683074,S2-179472644,S2-189641281,S2-206308788,S2-287872643,S2-297487585,S2-359710026,S2-374987669,S2-383799188,S2-402495223,S2-499048769,S2-540105563,S2-573664342,S2-590054576,S2-595942048,S2-603383783,S2-625317694,S2-634893710,S2-648311535,S2-661621253,S2-686212998,S2-690972733,S2-69512255,S2-719112862,S2-72944171,S2-731676919,S2-741378178,S2-789889917,S2-812149244,S2-820998599,S2-823109613,S2-823165701,S2-840138340,S2-841390605,S2-881275129,S2-906562750,S2-92265599,S2-988477780,S2-992500297,S2-99393133,S3-112379453,S3-149254300,S3-195427673,S3-221958438,S3-225585774,S3-230413310,S3-238649511,S3-239450626,S3-25538547,S3-263097638,S3-273315064,S3-295482205,S3-313861708,S3-399857107,S3-419289046,S3-432901616,S3-4359206,S3-447711882,S3-461708536,S3-478314486,S3-502406880,S3-504984855,S3-505533915,S3-52876422,S3-565557220,S3-568336525,S3-573999954,S3-627155076,S3-631227915,S3-6372718,S3-646444721,S3-655734191,S3-68218290,S3-690657770,S3-694532064,S3-700730353,S3-705369383,S3-705615961,S3-706113204,S3-73030038,S3-761076334,S3-764272902,S3-768329123,S3-770981734,S3-778190528,S3-782659734,S3-790309241,S3-800115953,S3-800976547,S3-813843940,S3-815217423,S3-818496530,S3-845608507,S3-870484133,S3-882677984,S3-89067213,S3-925724184,S3-92942538,S3-982984658
S1-96384915	S2-227749267,S2-261566490,S2-398460096,S2-400942794,S2-485229042,S2-508665532,S2-532859462,S2-53713441,S2-546869596,S2-655316441,S2-730629241,S3-115180794,S3-131841806,S3-14088639,S3-152724984,S3-184029836,S3-21781513,S3-259839181,S3-285988877,S3-289552732,S3-318650420,S3-33315235,S3-357435889,S3-408212372,S3-439417025,S3-466337670,S3-622602692,S3-653143087,S3-696324312,S3-709143333,S3-711739757,S3-721753816,S3-74072390,S3-742806745,S3-79830497,S3-945059269,S3-979556468
S1-973414824	S2-105380809,S2-11558889,S2-133487711,S2-177683074,S2-194275917,S2-204591452,S2-236922441,S2-254584940,S2-264507092,S2-266713379,S2-300309078,S2-323169426,S2-360956440,S2-367619938,S2-368436166,S2-388629621,S2-391934267,S2-420641004,S2-469023043,S2-4830464,S2-503074833,S2-513203899,S2-530449751,S2-531849140,S2-555846632,S2-564915463,S2-591448531,S2-592623251,S2-621149848,S2-67822741,S2-697836362,S2-703083213,S2-739955278,S2-745401640,S2-799620104,S2-801496313,S2-823683961,S2-882416765,S2-940596292,S2-941190662,S2-944488484,S2-956840745,S2-978466439,S2-984417999,S2-991285925,S2-998388870,S3-119875437,S3-146871610,S3-180947347,S3-227844225,S3-231122697,S3-243716938,S3-245200808,S3-263097638,S3-303607015,S3-327376554,S3-34112549,S3-349676306,S3-356996942,S3-382477272,S3-407122315,S3-417126294,S3-423000491,S3-425000348,S3-429383553,S3-44033864,S3-452274171,S3-47684365,S3-486246215,S3-500580725,S3-53586,S3-543180379,S3-547117225,S3-590941398,S3-593419985,S3-607109950,S3-61351750,S3-620850427,S3-625234479,S3-633550166,S3-635364084,S3-648720478,S3-656153720,S3-667007653,S3-672066862,S3-744389604,S3-750436324,S3-794877457,S3-830064376,S3-837328703,S3-859328525,S3-8641670,S3-872056479,S3-882651530,S3-919909941,S3-92503489,S3-937680294,S3-965692471,S3-974086284,S3-999093636
S1-974370004	S2-157110473,S2-16791478,S2-190187308,S2-201067080,S2-202513751,S2-210644184,S2-214231228,S2-222090680,S2-279166708,S2-293770471,S2-311814169,S2-317964465,S2-320602361,S2-327833654,S2-342712833,S2-352971789,S2-41027767,S2-424464370,S2-448616513,S2-460058923,S2-466349911,S2-466716709,S2-474924251,S2-523385787,S2-524650056,S2-539943184,S2-557877194,S2-57046353,S2-576684042,S2-613361064,S2-620469360,S2-628467287,S2-647596046,S2-670948516,S2-70189931,S2-722400387,S2-723818545,S2-749787711,S2-749976610,S2-764879575,S2-796003110,S2-825374035,S2-941529321,S2-95209143,S2-956234042,S2-964646724,S2-969898742,S2-974796269,S2-997168705,S3-159410704,S3-165498730,S3-184919014,S3-204460568,S3-209235387,S3-236630190,S3-314588810,S3-32735211,S3-365231906,S3-378968529,S3-392385185,S3-397186831,S3-400472079,S3-409544576,S3-462370913,S3-478524206,S3-489805527,S3-523774331,S3-538164725,S3-545470703,S3-556655185,S3-563271608,S3-572363539,S3-615027902,S3-649712317,S3-672646987,S3-675016446,S3-684111261,S3-686622408,S3-712564318,S3-740980763,S3-756290760,S3-796948821,S3-807684694,S3-832957591,S3-839356209,S3-850428491,S3-874956639,S3-886408025,S3-900570774,S3-904112781,S3-916007855,S3-92354811,S3-936344337,S3-941199407,S3-952199878,S3-959064940,S3-96356386,S3-977023342,S3-980004046,S3-996754914
S1-975506716	S2-104858458,S2-131151726,S2-16801220,S2-207111255,S2-217445093,S2-221438387,S2-224032436,S2-237485171,S2-244004800,S2-256692563,S2-280282431,S2-2829773,S2-283874839,S2-309819640,S2-320133796,S2-343973262,S2-365863876,S2-370175855,S2-394314645,S2-419111400,S2-420960738,S2-45652633,S2-458680931,S2-476817426,S2-495721928,S2-531552815,S2-542834977,S2-543329955,S2-545969464,S2-55950496,S2-570140380,S2-575628512,S2-602423628,S2-609895919,S2-622336596,S2-648006121,S2-653279267,S2-658332477,S2-677943490,S2-678889461,S2-708668468,S2-711262370,S2-730331157,S2-732475629,S2-732707735,S2-749852939,S2-762720768,S2-770237315,S2-794501586,S2-796003110,S2-840130051,S2-853399841,S2-854578384,S2-856448240,S2-866503046,S2-879667121,S2-886423991,S2-890456977,S2-891713181,S2-892001748,S2-894293266,S2-906665240,S2-926533987,S2-964581929,S2-97997258,S2-987872396,S3-120377699,S3-126421320,S3-12924044,S3-132618172,S3-154165052,S3-208514494,S3-227365907,S3-243520795,S3-269804572,S3-285829711,S3-301568612,S3-35204207,S3-357973397,S3-407128318,S3-426924730,S3-427001001,S3-455043405,S3-46871983,S3-470946230,S3-505730760,S3-522205969,S3-52255518,S3-551241420,S3-55142432,S3-551778816,S3-555637500,S3-604855185,S3-672557970,S3-692600954,S3-877961234,S3-925804713,S3-931454338,S3-973416958,S3-989110460
S1-984312810	S2-121816713,S2-169788078,S2-178805416,S2-230507277,S2-242836631,S2-296272902,S2-32606962,S2-374609099,S2-386684455,S2-406460695,S2-52629227,S2-5371139,S2-578073975,S2-657520327,S2-795289108,S2-811624957,S2-889481571,S2-913301767,S2-962234506,S2-99534465,S3-110510395,S3-1154828,S3-138123826,S3-152325900,S3-213632873,S3-287551957,S3-333640124,S3-393836488,S3-413690069,S3-468074834,S3-520886736,S3-553151404,S3-559632357,S3-613573992,S3-671888534,S3-747695241,S3-813234723,S3-841776134,S3-877953948,S3-901505671,S3-936887828,S3-988848512
S1-988516196	S2-119843211,S2-14241037,S2-160381723,S2-161435263,S2-192541449,S2-200814831,S2-233039387,S2-242055718,S2-264022860,S2-267911599,S2-277040098,S2-335860,S2-343643466,S2-359684479,S2-384167895,S2-388041325,S2-400981116,S2-404447339,S2-430652707,S2-432301242,S2-43306331,S2-450992018,S2-472431733,S2-478416988,S2-518163071,S2-51862156,S2-566963953,S2-569491553,S2-573945776,S2-578672612,S2-60208246,S2-60871619,S2-62300552,S2-628129193,S2-631757889,S2-648416328,S2-6537600,S2-660017999,S2-692585872,S2-700165602,S2-72338865,S2-728570647,S2-741154187,S2-745188610,S2-754868575,S2-817302823,S2-819018355,S2-83438248,S2-835255552,S2-839281035,S2-873178231,S2-87947894,S2-8839817,S2-910222247,S2-921362349,S2-947466256,S2-959734804,S2-960244181,S2-974327109,S3-106282662,S3-151947557,S3-194220781,S3-248221067,S3-265715613,S3-274235513,S3-33957600,S3-374784639,S3-392943495,S3-414930541,S3-41913845,S3-436800737,S3-464746244,S3-466958694,S3-494495420,S3-506818727,S3-510778048,S3-515159749,S3-530377108,S3-536590274,S3-54403874,S3-545427979,S3-580888867,S3-599629702,S3-638190541,S3-655133524,S3-657193745,S3-679408461,S3-715003272,S3-726229887,S3-729093630,S3-773288368,S3-792624727,S3-799171221,S3-854115660,S3-86202591,S3-882737548,S3-919711037,S3-922073865,S3-927660716,S3-94316001
S1-993527714	S2-107905251,S2-113656828,S2-146656765,S2-14675510,S2-160760471,S2-181348625,S2-181607585,S2-248573642,S2-259747487,S2-269775293,S2-278021863,S2-288111512,S2-326946504,S2-348591848,S2-428886994,S2-434331979,S2-436671547,S2-438972703,S2-439576314,S2-49913694,S2-536442318,S2-564260866,S2-567736468,S2-573366501,S2-600509404,S2-607620861,S2-610720887,S2-614713174,S2-635266727,S2-642847323,S2-694315600,S2-704901158,S2-711932797,S2-784826184,S2-805602209,S2-856431415,S2-887076586,S2-906504493,S2-921636402,S2-944903442,S2-946447205,S2-960372483,S2-974136633,S2-986415339,S3-106280872,S3-112650090,S3-119724795,S3-127223240,S3-169062540,S3-171153561,S3-183856672,S3-186245125,S3-198390208,S3-21973305,S3-224626295,S3-248425494,S3-259899357,S3-262933023,S3-265936713,S3-299572289,S3-313633715,S3-333381509,S3-414691670,S3-417168535,S3-42061755,S3-425478355,S3-437400709,S3-463534703,S3-47295071,S3-487013771,S3-542289400,S3-550351714,S3-564717774,S3-566665563,S3-582063637,S3-630789825,S3-664859748,S3-698560670,S3-705136920,S3-714823926,S3-727391723,S3-754528164,S3-770184671,S3-776931597,S3-793306665,S3-856012480,S3-856809177,S3-876081265,S3-882005850,S3-9397311,S3-962246024,S3-968810664,S3-968847114,S3-973084915,S3-977705623,S3-981978389
